file_id,extension,size_kb,has_text,has_binary,entropy,label
F0001,.flac,6813.06,0,1,7.1,audio
F0002,.dll,95070.76,0,1,7.2579,executable
F0003,.ogg,4884.91,0,1,6.7753,audio
F0004,.flac,48404.76,0,1,6.4407,audio
F0005,.bz2,45486.03,0,1,7.1339,archive
F0006,.zip,41971.89,0,1,8.1201,archive
F0007,.json,40992.54,1,0,3.6928,data
F0008,.odt,485.76,1,0,4.7132,document
F0009,.flv,75016.27,0,1,7.9428,video
F0010,.java,58191.71,1,0,3.6762,code
F0011,.docx,13124.88,1,0,4.3221,document
F0012,.svg,42414.63,0,1,6.7424,image
F0013,.gif,18327.75,0,1,7.4901,image
F0014,.avi,3692.56,0,1,7.9158,video
F0015,.mkv,5196.24,0,1,7.0435,video
F0016,.mov,8138.72,0,1,7.0905,video
F0017,.rs,53381.63,1,0,4.5427,code
F0018,.js,41306.23,1,0,4.4267,code
F0019,.gif,71201.42,0,1,6.9704,image
F0020,.m4a,18099.76,0,1,6.9012,audio
F0021,.dll,16160.61,0,1,6.7362,executable
F0022,.ogg,304.95,0,1,6.4863,audio
F0023,.gif,54103.86,0,1,7.851,image
F0024,.7z,80994.78,0,1,8.5524,archive
F0025,.xml,56109.61,1,0,3.5916,data
F0026,.gz,45502.08,0,1,8.0343,archive
F0027,.sh,52040.03,0,1,6.3731,executable
F0028,.zip,84231.95,0,1,7.9926,archive
F0029,.parquet,85346.37,1,0,3.7335,data
F0030,.dll,21482.13,0,1,6.3759,executable
F0031,.docx,65809.38,1,0,4.6317,document
F0032,.yaml,66620.84,1,0,3.6754,data
F0033,.mov,83003.42,0,1,7.638,video
F0034,.m4a,26096.62,0,1,7.4488,audio
F0035,.mkv,57980.31,0,1,7.7033,video
F0036,.gif,20996.33,0,1,6.8498,image
F0037,.txt,93351.84,1,0,4.7142,document
F0038,.apk,26841.57,0,1,6.7226,executable
F0039,.avi,35858.8,0,1,8.5306,video
F0040,.json,58175.94,1,0,4.0927,data
F0041,.sh,80235.55,0,1,6.3062,executable
F0042,.parquet,93009.42,1,0,4.1077,data
F0043,.dll,85800.73,0,1,6.4817,executable
F0044,.js,92644.36,1,0,4.647,code
F0045,.xlsx,72703.66,1,0,3.6419,data
F0046,.m4a,30857.06,0,1,6.9123,audio
F0047,.avi,59749.85,0,1,8.1372,video
F0048,.webp,90117.39,0,1,6.7221,image
F0049,.js,96675.07,1,0,4.4556,code
F0050,.parquet,69903.63,1,0,3.4082,data
F0051,.exe,37798.58,0,1,5.7531,executable
F0052,.dll,65653.1,0,1,7.2954,executable
F0053,.dll,78956.92,0,1,6.2067,executable
F0054,.bmp,534.95,0,1,7.7853,image
F0055,.rs,75492.29,1,0,4.6733,code
F0056,.png,52610.54,0,1,6.9431,image
F0057,.gif,12473.6,0,1,7.8458,image
F0058,.m4a,74991.16,0,1,6.5025,audio
F0059,.sh,68485.81,0,1,6.5195,executable
F0060,.apk,71825.67,0,1,7.1961,executable
F0061,.avi,42362.77,0,1,7.9389,video
F0062,.js,21547.92,1,0,4.5925,code
F0063,.svg,99315.27,0,1,7.269,image
F0064,.odt,34703.64,1,0,4.7815,document
F0065,.exe,93460.7,0,1,7.1779,executable
F0066,.ogg,75795.81,0,1,7.5447,audio
F0067,.txt,73671.83,1,0,4.7526,document
F0068,.gz,8296.9,0,1,7.4663,archive
F0069,.docx,10597.96,1,0,4.8414,document
F0070,.rtf,18544.15,1,0,4.758,document
F0071,.gz,76373.9,0,1,7.9178,archive
F0072,.bmp,78124.97,0,1,7.1215,image
F0073,.flv,41461.92,0,1,7.157,video
F0074,.parquet,14959.64,1,0,4.5089,data
F0075,.bat,84295.94,0,1,6.5483,executable
F0076,.json,69584.01,1,0,4.45,data
F0077,.dll,72168.43,0,1,5.8275,executable
F0078,.mov,67382.3,0,1,7.4544,video
F0079,.pptx,3637.38,1,0,4.5295,document
F0080,.dll,22842.15,0,1,7.1548,executable
F0081,.mp3,21391.99,0,1,7.4168,audio
F0082,.pdf,104.96,1,0,5.0576,document
F0083,.odt,14015.92,1,0,4.8141,document
F0084,.bz2,47623.62,0,1,8.4386,archive
F0085,.avi,78583.32,0,1,7.4806,video
F0086,.go,17008.5,1,0,4.5291,code
F0087,.xml,83642.21,1,0,4.4133,data
F0088,.rtf,2613.53,1,0,5.2382,document
F0089,.webm,97874.82,0,1,7.9849,video
F0090,.tar,78568.17,0,1,8.2011,archive
F0091,.gz,57983.06,0,1,8.5551,archive
F0092,.js,87901.05,1,0,3.312,code
F0093,.gz,85157.84,0,1,8.625,archive
F0094,.py,14183.87,1,0,3.5196,code
F0095,.m4a,36490.73,0,1,6.5314,audio
F0096,.bz2,10685.2,0,1,7.5558,archive
F0097,.7z,88997.82,0,1,8.6362,archive
F0098,.dmg,26512.24,0,1,6.8118,executable
F0099,.bat,11309.42,0,1,6.3416,executable
F0100,.png,61988.5,0,1,7.7814,image
F0101,.pdf,37533.99,1,0,4.6711,document
F0102,.dll,97125.99,0,1,6.5545,executable
F0103,.xlsx,84581.37,1,0,3.7975,data
F0104,.rtf,62311.57,1,0,4.4365,document
F0105,.cpp,68669.29,1,0,4.3393,code
F0106,.tar,38235.36,0,1,7.8923,archive
F0107,.tar,7617.92,0,1,7.521,archive
F0108,.webm,99362.63,0,1,7.564,video
F0109,.sh,62493.06,0,1,7.04,executable
F0110,.yaml,51664.56,1,0,4.0274,data
F0111,.7z,41499.31,0,1,7.831,archive
F0112,.rtf,86398.96,1,0,4.3303,document
F0113,.flv,92116.63,0,1,8.5019,video
F0114,.mov,59024.44,0,1,8.3692,video
F0115,.mov,57901.08,0,1,7.5559,video
F0116,.mov,39946.79,0,1,7.3646,video
F0117,.webm,47032.43,0,1,8.0363,video
F0118,.exe,70384.79,0,1,6.3643,executable
F0119,.java,44486.87,1,0,3.5972,code
F0120,.odt,89694.12,1,0,3.9273,document
F0121,.wav,9453.92,0,1,6.9328,audio
F0122,.rar,31736.3,0,1,8.2948,archive
F0123,.exe,20426.42,0,1,6.6581,executable
F0124,.odt,71542.81,1,0,5.2822,document
F0125,.png,84101.95,0,1,7.5172,image
F0126,.rar,92742.42,0,1,8.4018,archive
F0127,.mp3,9296.19,0,1,7.1678,audio
F0128,.bz2,30594.06,0,1,7.2615,archive
F0129,.m4a,46310.62,0,1,7.5571,audio
F0130,.xlsx,7307.17,1,0,3.7916,data
F0131,.rtf,45594.78,1,0,5.2534,document
F0132,.gz,99426.22,0,1,8.4842,archive
F0133,.mkv,8679.73,0,1,8.3125,video
F0134,.go,8604.08,1,0,4.4221,code
F0135,.flv,87463.28,0,1,8.5557,video
F0136,.cpp,9668.18,1,0,4.0953,code
F0137,.php,67205.57,1,0,4.7649,code
F0138,.java,92612.15,1,0,4.108,code
F0139,.rar,11783.86,0,1,7.8214,archive
F0140,.webp,93257.46,0,1,6.8621,image
F0141,.mp3,621.38,0,1,6.9028,audio
F0142,.pptx,46184.63,1,0,5.1533,document
F0143,.png,9391.71,0,1,7.8771,image
F0144,.webm,82212.69,0,1,7.2549,video
F0145,.ogg,86777.98,0,1,6.534,audio
F0146,.txt,2043.23,1,0,4.2421,document
F0147,.rs,4482.6,1,0,4.4649,code
F0148,.xml,67959.43,1,0,3.6044,data
F0149,.apk,42538.32,0,1,7.254,executable
F0150,.py,71603.54,1,0,4.4561,code
F0151,.odt,75998.37,1,0,5.008,document
F0152,.webm,26728.67,0,1,8.162,video
F0153,.mp3,86989.83,0,1,6.4941,audio
F0154,.apk,79811.94,0,1,5.8629,executable
F0155,.pdf,54668.16,1,0,5.1413,document
F0156,.gz,79585.6,0,1,8.0086,archive
F0157,.js,25828.81,1,0,3.7756,code
F0158,.rar,49745.29,0,1,7.524,archive
F0159,.mp4,27818.7,0,1,7.4199,video
F0160,.yaml,29185.84,1,0,3.921,data
F0161,.csv,68387.7,1,0,4.0657,data
F0162,.7z,10736.17,0,1,8.2362,archive
F0163,.ogg,97096,0,1,7.6154,audio
F0164,.apk,33530.6,0,1,6.909,executable
F0165,.py,52769.79,1,0,4.2495,code
F0166,.rar,62152.75,0,1,8.576,archive
F0167,.m4a,60493.74,0,1,7.7652,audio
F0168,.bz2,83042.68,0,1,7.4293,archive
F0169,.wav,55012.57,0,1,7.3888,audio
F0170,.mp4,95663.24,0,1,7.9126,video
F0171,.wav,89007.06,0,1,7.3298,audio
F0172,.docx,24419.46,1,0,4.7452,document
F0173,.parquet,87603.29,1,0,3.9026,data
F0174,.ogg,25203.17,0,1,7.0643,audio
F0175,.odt,16868.31,1,0,4.2974,document
F0176,.mp4,27047.78,0,1,7.2292,video
F0177,.gz,85954.76,0,1,8.4733,archive
F0178,.parquet,81951.14,1,0,3.9471,data
F0179,.rar,57127.85,0,1,8.3147,archive
F0180,.apk,68319.41,0,1,5.912,executable
F0181,.pptx,3514.29,1,0,4.9999,document
F0182,.sh,4856.07,0,1,5.7586,executable
F0183,.ts,81789.5,1,0,3.407,code
F0184,.rs,24481.52,1,0,3.9189,code
F0185,.tar,18174.31,0,1,8.1895,archive
F0186,.jpg,96267.78,0,1,7.7515,image
F0187,.py,51832.04,1,0,4.361,code
F0188,.mp4,9540.98,0,1,7.86,video
F0189,.txt,4764.31,1,0,5.252,document
F0190,.json,42372.9,1,0,3.3786,data
F0191,.mov,29414.8,0,1,8.4663,video
F0192,.m4a,64369.14,0,1,7.184,audio
F0193,.xml,290.07,1,0,3.1824,data
F0194,.exe,33833.97,0,1,6.1575,executable
F0195,.7z,39181.86,0,1,7.157,archive
F0196,.json,90323.33,1,0,3.5956,data
F0197,.exe,78611.37,0,1,6.5215,executable
F0198,.tar,15923.43,0,1,8.4188,archive
F0199,.webp,27230.3,0,1,7.6002,image
F0200,.7z,22558.78,0,1,7.3072,archive
F0201,.png,90062.85,0,1,7.2988,image
F0202,.csv,84104.86,1,0,4.1879,data
F0203,.java,17088.78,1,0,4.5511,code
F0204,.docx,68333.78,1,0,3.7937,document
F0205,.py,87112.61,1,0,3.3679,code
F0206,.pdf,47211.07,1,0,3.9347,document
F0207,.pdf,54918.14,1,0,4.4554,document
F0208,.xml,31223.97,1,0,3.0235,data
F0209,.py,97368.82,1,0,4.8862,code
F0210,.java,55474.05,1,0,4.5341,code
F0211,.pptx,35355.98,1,0,5.0202,document
F0212,.odt,45820.29,1,0,4.0612,document
F0213,.m4a,61148.72,0,1,7.5512,audio
F0214,.rar,35388.19,0,1,8.4234,archive
F0215,.pdf,63874.64,1,0,4.4445,document
F0216,.json,92258.62,1,0,4.5961,data
F0217,.java,33976.98,1,0,4.0906,code
F0218,.avi,65293.16,0,1,7.262,video
F0219,.bz2,36409.73,0,1,7.8734,archive
F0220,.wav,72395.63,0,1,7.696,audio
F0221,.wav,46421.5,0,1,6.8507,audio
F0222,.docx,66668.93,1,0,5.1742,document
F0223,.bz2,29395.79,0,1,8.6148,archive
F0224,.txt,8240.82,1,0,4.3819,document
F0225,.bmp,85092.79,0,1,7.0341,image
F0226,.php,80111.77,1,0,4.4337,code
F0227,.php,95750.02,1,0,3.6505,code
F0228,.dmg,81701.94,0,1,5.7527,executable
F0229,.odt,41538.35,1,0,5.1781,document
F0230,.docx,64304.76,1,0,3.814,document
F0231,.mp4,59594.39,0,1,8.5273,video
F0232,.php,45799.13,1,0,4.4005,code
F0233,.java,18627.27,1,0,4.8984,code
F0234,.xml,43910.67,1,0,3.2587,data
F0235,.rtf,38456.55,1,0,4.0254,document
F0236,.docx,43848.2,1,0,3.7597,document
F0237,.js,55770.57,1,0,4.1433,code
F0238,.bat,56865.16,0,1,5.7137,executable
F0239,.webm,84661.89,0,1,8.1713,video
F0240,.mp4,34885.18,0,1,7.8687,video
F0241,.mov,59775.82,0,1,7.0215,video
F0242,.tar,88398.84,0,1,8.4452,archive
F0243,.xml,58608.82,1,0,3.9819,data
F0244,.pptx,89511.27,1,0,4.2426,document
F0245,.parquet,91327.58,1,0,3.9328,data
F0246,.bz2,19199.05,0,1,8.0628,archive
F0247,.json,84004.9,1,0,4.5782,data
F0248,.zip,63023.47,0,1,8.399,archive
F0249,.gz,96440.68,0,1,8.3391,archive
F0250,.wav,22454.44,0,1,6.9817,audio
F0251,.odt,17901.37,1,0,5.0888,document
F0252,.yaml,93786.38,1,0,3.9725,data
F0253,.dmg,88188.05,0,1,6.3182,executable
F0254,.rtf,61932.51,1,0,4.0621,document
F0255,.webm,17339.55,0,1,7.0528,video
F0256,.odt,27454.97,1,0,5.0688,document
F0257,.zip,31453.56,0,1,7.1848,archive
F0258,.bmp,37767.17,0,1,7.346,image
F0259,.mov,60849.31,0,1,7.6679,video
F0260,.tar,57693.3,0,1,7.5806,archive
F0261,.xml,54768.1,1,0,3.8428,data
F0262,.parquet,66135.24,1,0,3.606,data
F0263,.docx,16539.79,1,0,4.2531,document
F0264,.mov,91144.55,0,1,7.0614,video
F0265,.rtf,85019.27,1,0,3.9709,document
F0266,.webp,26283.71,0,1,7.8734,image
F0267,.parquet,404.78,1,0,3.5448,data
F0268,.zip,58379.75,0,1,7.87,archive
F0269,.xlsx,2533.76,1,0,4.0127,data
F0270,.pptx,45228.12,1,0,4.5522,document
F0271,.apk,39720.96,0,1,6.2046,executable
F0272,.sh,55751.21,0,1,5.7097,executable
F0273,.bat,45751.07,0,1,5.9016,executable
F0274,.apk,23039.66,0,1,6.0855,executable
F0275,.webp,58841.65,0,1,6.481,image
F0276,.7z,4272.76,0,1,8.5934,archive
F0277,.rs,50502.32,1,0,4.0023,code
F0278,.flac,89637.2,0,1,6.7862,audio
F0279,.exe,47094.14,0,1,6.8451,executable
F0280,.ogg,69329.98,0,1,7.7942,audio
F0281,.csv,58341.58,1,0,3.1482,data
F0282,.bz2,54975.23,0,1,8.4472,archive
F0283,.avi,27428.33,0,1,7.8181,video
F0284,.zip,54124.78,0,1,7.5661,archive
F0285,.json,99653.49,1,0,3.6957,data
F0286,.java,32658.62,1,0,4.1924,code
F0287,.bz2,32225.43,0,1,8.3866,archive
F0288,.mp4,85042.14,0,1,7.1037,video
F0289,.bat,79717.39,0,1,6.321,executable
F0290,.zip,73764.68,0,1,7.1569,archive
F0291,.gif,24178.58,0,1,7.0541,image
F0292,.wav,12965.63,0,1,6.2681,audio
F0293,.bmp,28517.83,0,1,7.2484,image
F0294,.flac,85501,0,1,7.0093,audio
F0295,.rtf,15213.72,1,0,3.8617,document
F0296,.rar,42911.33,0,1,8.2181,archive
F0297,.mov,15785.25,0,1,7.714,video
F0298,.mov,73170.97,0,1,8.3738,video
F0299,.xml,8981.06,1,0,3.839,data
F0300,.docx,86259.01,1,0,4.4177,document
F0301,.mkv,39036.35,0,1,7.639,video
F0302,.wav,41053.86,0,1,7.4081,audio
F0303,.rar,6353.09,0,1,8.0832,archive
F0304,.rs,15012.05,1,0,3.7123,code
F0305,.php,25884.95,1,0,4.6569,code
F0306,.dll,68718.73,0,1,6.7389,executable
F0307,.jpg,23407.33,0,1,7.9532,image
F0308,.7z,82626.42,0,1,8.1669,archive
F0309,.csv,13596.8,1,0,3.9051,data
F0310,.dmg,82895.25,0,1,6.2282,executable
F0311,.go,19247.97,1,0,4.2076,code
F0312,.csv,42532.17,1,0,4.5851,data
F0313,.bat,27057.86,0,1,6.4312,executable
F0314,.java,75813.77,1,0,3.793,code
F0315,.pdf,56247.18,1,0,4.3061,document
F0316,.xlsx,99847.52,1,0,4.1818,data
F0317,.java,49465.9,1,0,4.5629,code
F0318,.txt,37861.6,1,0,5.1018,document
F0319,.pdf,10452.2,1,0,4.3881,document
F0320,.tar,28044.17,0,1,7.6507,archive
F0321,.py,34410.66,1,0,4.0626,code
F0322,.bat,38811.69,0,1,7.1793,executable
F0323,.cpp,52032.92,1,0,3.4663,code
F0324,.tar,54190.18,0,1,8.4005,archive
F0325,.exe,70977.23,0,1,6.2551,executable
F0326,.odt,49593.8,1,0,4.6788,document
F0327,.zip,26625.26,0,1,8.6592,archive
F0328,.7z,75564.73,0,1,8.2191,archive
F0329,.xlsx,38659.71,1,0,3.2943,data
F0330,.pptx,82407.31,1,0,4.1181,document
F0331,.xlsx,41053.8,1,0,4.2851,data
F0332,.tar,30175.44,0,1,7.2847,archive
F0333,.rs,22051.35,1,0,3.8341,code
F0334,.php,82895.73,1,0,3.4862,code
F0335,.webm,19243.34,0,1,8.3171,video
F0336,.pptx,75408.99,1,0,4.87,document
F0337,.mov,89505.07,0,1,7.9238,video
F0338,.webp,61825.71,0,1,7.4361,image
F0339,.xml,83509.9,1,0,3.8292,data
F0340,.gz,38888.56,0,1,8.6503,archive
F0341,.gz,38671.55,0,1,8.1429,archive
F0342,.flv,45411.86,0,1,8.3459,video
F0343,.py,84993.09,1,0,3.6547,code
F0344,.ogg,96282.64,0,1,7.2206,audio
F0345,.cpp,75124.91,1,0,4.5796,code
F0346,.mov,38822.84,0,1,7.4852,video
F0347,.webm,96515.81,0,1,8.1389,video
F0348,.webm,31148.48,0,1,7.6453,video
F0349,.flv,26030.39,0,1,8.5262,video
F0350,.yaml,75710.52,1,0,4.096,data
F0351,.flac,56100.34,0,1,7.6584,audio
F0352,.csv,52354.26,1,0,3.2949,data
F0353,.dll,64363.87,0,1,6.8573,executable
F0354,.flv,91028.99,0,1,8.5626,video
F0355,.pdf,67490.48,1,0,3.9604,document
F0356,.mp3,58845.73,0,1,7.3183,audio
F0357,.parquet,22667.38,1,0,3.2725,data
F0358,.flac,91284.7,0,1,6.3046,audio
F0359,.parquet,1865.21,1,0,3.6289,data
F0360,.m4a,72531.95,0,1,6.9152,audio
F0361,.rar,57924.87,0,1,7.6427,archive
F0362,.flac,87537.25,0,1,6.5367,audio
F0363,.odt,28286.58,1,0,3.8832,document
F0364,.json,14351.1,1,0,3.5552,data
F0365,.mp3,78447.76,0,1,6.4275,audio
F0366,.parquet,54646.1,1,0,3.9168,data
F0367,.rs,21787.99,1,0,3.6584,code
F0368,.ogg,76869.98,0,1,7.7994,audio
F0369,.mp3,59192.63,0,1,6.8067,audio
F0370,.js,34105.51,1,0,4.0609,code
F0371,.rar,30295.45,0,1,7.585,archive
F0372,.zip,65751.73,0,1,8.5098,archive
F0373,.rtf,18298.53,1,0,5.0791,document
F0374,.mov,21563.86,0,1,8.0232,video
F0375,.bz2,34566.89,0,1,7.5004,archive
F0376,.flv,3309.78,0,1,7.5445,video
F0377,.m4a,61832.84,0,1,7.4148,audio
F0378,.rtf,4075.88,1,0,4.7672,document
F0379,.dll,89707.76,0,1,5.8574,executable
F0380,.py,88886.53,1,0,4.1161,code
F0381,.avi,84722.05,0,1,7.1762,video
F0382,.odt,96535.97,1,0,4.7304,document
F0383,.ts,44080.65,1,0,3.8159,code
F0384,.7z,36338.94,0,1,7.1213,archive
F0385,.flac,23279.33,0,1,6.9293,audio
F0386,.gif,48023.39,0,1,7.1409,image
F0387,.wav,30767.96,0,1,7.3334,audio
F0388,.png,70048.69,0,1,7.0385,image
F0389,.bmp,55483.54,0,1,7.2262,image
F0390,.flac,53114.2,0,1,7.76,audio
F0391,.exe,12809.18,0,1,6.8502,executable
F0392,.rs,5002.75,1,0,3.8487,code
F0393,.svg,59677.23,0,1,6.4636,image
F0394,.bmp,6345.99,0,1,7.5958,image
F0395,.csv,85234.17,1,0,3.2103,data
F0396,.m4a,28878.9,0,1,7.1092,audio
F0397,.xlsx,96875.31,1,0,4.2545,data
F0398,.mp4,67486.35,0,1,7.6175,video
F0399,.ts,57945.95,1,0,3.6235,code
F0400,.pptx,44854.62,1,0,4.5629,document
F0401,.sh,47723.97,0,1,6.2214,executable
F0402,.wav,4890.59,0,1,6.9134,audio
F0403,.java,78518.67,1,0,3.8827,code
F0404,.rs,89489.57,1,0,3.5763,code
F0405,.tar,57623.92,0,1,7.1003,archive
F0406,.rar,57213.1,0,1,8.6442,archive
F0407,.xlsx,26554.37,1,0,4.598,data
F0408,.json,15203.97,1,0,3.7111,data
F0409,.exe,49383,0,1,6.2521,executable
F0410,.webm,74550.83,0,1,7.8857,video
F0411,.exe,5603.23,0,1,6.4238,executable
F0412,.apk,1998.29,0,1,6.3016,executable
F0413,.xlsx,45938.81,1,0,3.6455,data
F0414,.mov,50794.54,0,1,8.4206,video
F0415,.docx,97312.63,1,0,5.0902,document
F0416,.php,53375.84,1,0,4.5017,code
F0417,.cpp,63997.93,1,0,3.7669,code
F0418,.mp4,81412.42,0,1,8.3939,video
F0419,.wav,93702.54,0,1,7.6378,audio
F0420,.sh,52545.87,0,1,7.1905,executable
F0421,.webm,16506.63,0,1,7.093,video
F0422,.dmg,23380.59,0,1,5.8269,executable
F0423,.rs,5911.61,1,0,4.2468,code
F0424,.js,41685.8,1,0,3.9244,code
F0425,.xlsx,53651.4,1,0,4.3683,data
F0426,.odt,96703.97,1,0,3.9589,document
F0427,.xml,7695.8,1,0,4.5848,data
F0428,.flv,63794.56,0,1,8.0525,video
F0429,.rar,32694.39,0,1,8.0223,archive
F0430,.tar,17817.73,0,1,8.0849,archive
F0431,.sh,13214.96,0,1,6.3521,executable
F0432,.exe,61730.87,0,1,7.1943,executable
F0433,.mp3,3801.85,0,1,6.3108,audio
F0434,.webm,719.12,0,1,7.9766,video
F0435,.bat,36130.68,0,1,7.0429,executable
F0436,.webm,23539.51,0,1,7.8382,video
F0437,.gif,30622.53,0,1,6.7319,image
F0438,.rs,79126.61,1,0,3.7069,code
F0439,.dmg,21599.58,0,1,6.5959,executable
F0440,.sh,98034.14,0,1,6.662,executable
F0441,.flv,95394.84,0,1,8.0259,video
F0442,.exe,16973.85,0,1,6.0087,executable
F0443,.mp3,35790.72,0,1,6.8751,audio
F0444,.apk,97559.64,0,1,6.6136,executable
F0445,.flac,12868.8,0,1,6.6993,audio
F0446,.exe,43548.81,0,1,5.851,executable
F0447,.xml,32408.46,1,0,4.1296,data
F0448,.csv,75883.25,1,0,3.0123,data
F0449,.svg,38333.84,0,1,7.0863,image
F0450,.mov,85864.88,0,1,7.8101,video
F0451,.odt,19877.16,1,0,4.4862,document
F0452,.odt,52880.93,1,0,4.3759,document
F0453,.cpp,79447.47,1,0,3.4895,code
F0454,.jpg,51909.3,0,1,7.1383,image
F0455,.bat,40462.57,0,1,6.1096,executable
F0456,.parquet,42553.99,1,0,3.4345,data
F0457,.dll,75651.8,0,1,7.0348,executable
F0458,.exe,45856.3,0,1,6.1954,executable
F0459,.flac,89755.42,0,1,6.6512,audio
F0460,.yaml,87009.1,1,0,3.0909,data
F0461,.ogg,31750.46,0,1,7.5406,audio
F0462,.rtf,16376.96,1,0,4.1972,document
F0463,.docx,96170.13,1,0,3.7469,document
F0464,.apk,46314.76,0,1,5.8923,executable
F0465,.json,59507.84,1,0,3.6025,data
F0466,.xml,19551.19,1,0,4.2074,data
F0467,.7z,34324.21,0,1,8.6081,archive
F0468,.bmp,21073,0,1,6.9507,image
F0469,.apk,14555.59,0,1,5.8969,executable
F0470,.jpg,22770.61,0,1,6.6356,image
F0471,.rtf,29670.89,1,0,3.8624,document
F0472,.parquet,45929.96,1,0,3.7642,data
F0473,.mp4,56965.52,0,1,7.9828,video
F0474,.dmg,10530.84,0,1,7.0504,executable
F0475,.avi,15892.86,0,1,7.315,video
F0476,.bz2,96010.3,0,1,8.4018,archive
F0477,.exe,44697.69,0,1,6.8218,executable
F0478,.bz2,21918.31,0,1,8.208,archive
F0479,.csv,38181.98,1,0,3.2546,data
F0480,.rar,40927.03,0,1,8.2639,archive
F0481,.go,91399.01,1,0,4.357,code
F0482,.7z,95396.82,0,1,7.9375,archive
F0483,.odt,88689.99,1,0,3.9974,document
F0484,.avi,71353.46,0,1,7.8848,video
F0485,.py,98858.4,1,0,3.6825,code
F0486,.tar,21583.75,0,1,8.5489,archive
F0487,.mkv,15243.9,0,1,8.4613,video
F0488,.webp,89405.65,0,1,7.5884,image
F0489,.7z,28088.02,0,1,8.4868,archive
F0490,.apk,1693.55,0,1,7.0762,executable
F0491,.yaml,20541.51,1,0,4.0586,data
F0492,.txt,91143.37,1,0,4.7748,document
F0493,.xml,71747.18,1,0,4.5127,data
F0494,.xlsx,72583.36,1,0,3.5564,data
F0495,.zip,75287.82,0,1,8.3319,archive
F0496,.xlsx,79681.53,1,0,3.3914,data
F0497,.m4a,41402.69,0,1,7.7597,audio
F0498,.pptx,46093.28,1,0,4.7644,document
F0499,.gif,36015.63,0,1,7.0791,image
F0500,.zip,87823.53,0,1,7.3943,archive
F0501,.docx,76611.18,1,0,5.1862,document
F0502,.yaml,2501.72,1,0,4.4691,data
F0503,.rar,37102.88,0,1,7.1052,archive
F0504,.apk,60795.42,0,1,5.7993,executable
F0505,.mp3,29164.4,0,1,7.5081,audio
F0506,.json,66843.25,1,0,4.4598,data
F0507,.bmp,93797.03,0,1,6.7196,image
F0508,.exe,68908.78,0,1,7.1776,executable
F0509,.flv,77706.41,0,1,7.5286,video
F0510,.rar,84655.22,0,1,8.6006,archive
F0511,.7z,47676.75,0,1,7.8523,archive
F0512,.json,96630.88,1,0,3.0599,data
F0513,.xlsx,93274.48,1,0,3.9904,data
F0514,.rtf,78234.73,1,0,4.1033,document
F0515,.tar,70800.71,0,1,7.3887,archive
F0516,.bmp,71607.28,0,1,7.4711,image
F0517,.bat,91314.1,0,1,6.3722,executable
F0518,.zip,59359.66,0,1,7.9752,archive
F0519,.gif,90066.11,0,1,6.6779,image
F0520,.png,44766.66,0,1,7.0759,image
F0521,.docx,5848.7,1,0,3.792,document
F0522,.ts,47769.38,1,0,3.3831,code
F0523,.mp3,77361.35,0,1,6.6548,audio
F0524,.mp3,95879.75,0,1,7.6434,audio
F0525,.dmg,28586.43,0,1,6.833,executable
F0526,.apk,87015.77,0,1,7.1911,executable
F0527,.rtf,90311.73,1,0,4.269,document
F0528,.java,42541.33,1,0,4.1767,code
F0529,.mp3,94684.62,0,1,7.7476,audio
F0530,.cpp,28170.44,1,0,4.1389,code
F0531,.ogg,9756.71,0,1,7.0575,audio
F0532,.flac,44557.58,0,1,7.7047,audio
F0533,.gif,70640.76,0,1,6.8731,image
F0534,.mp3,39596.81,0,1,6.6462,audio
F0535,.dll,31089.33,0,1,6.8972,executable
F0536,.js,61262.58,1,0,4.2124,code
F0537,.ogg,77772.15,0,1,7.0485,audio
F0538,.bz2,93395.5,0,1,8.2327,archive
F0539,.mov,9634.06,0,1,7.86,video
F0540,.ogg,3685.41,0,1,6.3385,audio
F0541,.png,82616.34,0,1,7.3453,image
F0542,.csv,80264.76,1,0,4.2101,data
F0543,.dmg,47194.61,0,1,7.1496,executable
F0544,.cpp,59476.09,1,0,3.9611,code
F0545,.flv,65541.56,0,1,8.3683,video
F0546,.parquet,2872.52,1,0,4.3047,data
F0547,.go,86702.36,1,0,4.3883,code
F0548,.webp,61730.1,0,1,7.5762,image
F0549,.rar,47214.31,0,1,8.1034,archive
F0550,.go,38974.86,1,0,4.0582,code
F0551,.parquet,41751.02,1,0,3.8209,data
F0552,.dmg,66365.25,0,1,6.7385,executable
F0553,.php,37065.73,1,0,3.8945,code
F0554,.exe,71412.89,0,1,5.9906,executable
F0555,.exe,73323.38,0,1,7.2636,executable
F0556,.tar,21589.94,0,1,7.5433,archive
F0557,.m4a,80193.89,0,1,7.2608,audio
F0558,.m4a,82040.84,0,1,6.5693,audio
F0559,.flac,2818.77,0,1,7.3826,audio
F0560,.parquet,75513.88,1,0,4.2333,data
F0561,.bmp,16601.39,0,1,7.1435,image
F0562,.jpg,52146.04,0,1,6.5513,image
F0563,.mp4,78529.08,0,1,7.5256,video
F0564,.svg,27227.05,0,1,7.6389,image
F0565,.bmp,2316.9,0,1,7.6636,image
F0566,.apk,33257.44,0,1,6.8659,executable
F0567,.wav,24470.14,0,1,6.2325,audio
F0568,.cpp,92584.04,1,0,4.4852,code
F0569,.avi,60074.11,0,1,7.672,video
F0570,.parquet,96272.19,1,0,4.4251,data
F0571,.xml,51831.81,1,0,4.5834,data
F0572,.sh,84737.55,0,1,6.9647,executable
F0573,.flv,15289.86,0,1,7.3797,video
F0574,.csv,17557.17,1,0,4.042,data
F0575,.cpp,61085.92,1,0,3.4946,code
F0576,.ogg,61671.78,0,1,7.6782,audio
F0577,.bmp,14627.54,0,1,6.8999,image
F0578,.gz,39297.11,0,1,7.3136,archive
F0579,.7z,95159.55,0,1,8.4125,archive
F0580,.ts,8320.15,1,0,4.2798,code
F0581,.xml,9066.12,1,0,4.5837,data
F0582,.mp3,69104.17,0,1,6.9261,audio
F0583,.php,80522.07,1,0,3.7026,code
F0584,.gif,73356.07,0,1,7.3032,image
F0585,.gz,37191.54,0,1,7.7964,archive
F0586,.xml,83580.61,1,0,4.4608,data
F0587,.xlsx,22067.34,1,0,3.2489,data
F0588,.yaml,31211.17,1,0,4.2401,data
F0589,.flv,50932.97,0,1,8.0418,video
F0590,.rar,11627.03,0,1,7.5988,archive
F0591,.bz2,5602.14,0,1,8.3874,archive
F0592,.rar,99279.5,0,1,8.3141,archive
F0593,.png,98905.88,0,1,6.9138,image
F0594,.mkv,55268.95,0,1,8.2427,video
F0595,.gif,16338,0,1,7.2497,image
F0596,.gz,84912.24,0,1,8.0382,archive
F0597,.yaml,71875.64,1,0,3.1012,data
F0598,.mp3,26109.69,0,1,7.1887,audio
F0599,.txt,26503.74,1,0,3.8057,document
F0600,.xlsx,49498.94,1,0,4.0558,data
F0601,.exe,50114.45,0,1,5.8357,executable
F0602,.rar,40925.86,0,1,8.2862,archive
F0603,.jpg,50191.19,0,1,6.7038,image
F0604,.bz2,91059.77,0,1,8.6624,archive
F0605,.py,76721.3,1,0,4.6886,code
F0606,.gif,86511.41,0,1,7.7196,image
F0607,.txt,49091.69,1,0,5.2811,document
F0608,.mkv,2567,0,1,7.3782,video
F0609,.7z,51555.46,0,1,7.2771,archive
F0610,.svg,60906.18,0,1,7.3053,image
F0611,.flv,55975.5,0,1,7.6543,video
F0612,.pdf,43170.94,1,0,4.2905,document
F0613,.gz,51603.83,0,1,7.4363,archive
F0614,.xlsx,83618.28,1,0,3.4919,data
F0615,.m4a,30996.54,0,1,7.204,audio
F0616,.xml,36927.63,1,0,3.4648,data
F0617,.7z,11756.32,0,1,8.666,archive
F0618,.mp4,91521.23,0,1,8.4691,video
F0619,.m4a,28781.73,0,1,6.2766,audio
F0620,.mov,10342.72,0,1,8.4845,video
F0621,.dmg,45611.98,0,1,6.3136,executable
F0622,.mov,51283.46,0,1,7.5673,video
F0623,.ts,77370.59,1,0,4.5462,code
F0624,.pptx,85719.53,1,0,5.2847,document
F0625,.mp4,20667.01,0,1,8.1106,video
F0626,.ogg,54036.42,0,1,7.3261,audio
F0627,.docx,21104.95,1,0,4.0029,document
F0628,.mov,18357.51,0,1,8.1237,video
F0629,.webm,24176.03,0,1,8.0557,video
F0630,.parquet,71153.73,1,0,3.6545,data
F0631,.bmp,32187.35,0,1,7.4891,image
F0632,.svg,56235.05,0,1,7.5599,image
F0633,.pptx,22731.18,1,0,3.9913,document
F0634,.mp4,16079.53,0,1,7.6388,video
F0635,.mp3,90762.26,0,1,7.3185,audio
F0636,.yaml,49996.65,1,0,3.6671,data
F0637,.zip,24820.28,0,1,8.5746,archive
F0638,.wav,1858.79,0,1,6.2271,audio
F0639,.webp,34219.47,0,1,7.3838,image
F0640,.jpg,32861.8,0,1,7.5723,image
F0641,.webm,64982.37,0,1,7.7526,video
F0642,.rs,26324.03,1,0,3.8837,code
F0643,.apk,61927.94,0,1,6.1116,executable
F0644,.webp,26129.5,0,1,7.3244,image
F0645,.docx,8835.56,1,0,4.0029,document
F0646,.cpp,58338.03,1,0,3.5572,code
F0647,.wav,74628.72,0,1,6.5215,audio
F0648,.js,18614.46,1,0,4.4814,code
F0649,.gz,48106.36,0,1,8.192,archive
F0650,.tar,51284.01,0,1,7.8679,archive
F0651,.xml,74553.96,1,0,3.4952,data
F0652,.gz,45851.88,0,1,7.1133,archive
F0653,.dll,33421.13,0,1,5.9845,executable
F0654,.rar,22092.61,0,1,8.3859,archive
F0655,.dll,13909.01,0,1,6.0937,executable
F0656,.bmp,98160.24,0,1,7.6866,image
F0657,.dmg,78295.18,0,1,6.3329,executable
F0658,.7z,87943.64,0,1,7.647,archive
F0659,.exe,81036.03,0,1,5.7319,executable
F0660,.bat,4138.61,0,1,6.8927,executable
F0661,.sh,33060.34,0,1,6.8929,executable
F0662,.gif,56628.52,0,1,6.8154,image
F0663,.rtf,1250.13,1,0,4.0846,document
F0664,.ogg,25795.22,0,1,6.3145,audio
F0665,.jpg,98344.76,0,1,7.5572,image
F0666,.rtf,58433.82,1,0,4.5171,document
F0667,.7z,59354.1,0,1,7.5173,archive
F0668,.svg,91463.78,0,1,7.1564,image
F0669,.exe,95531.58,0,1,7.2147,executable
F0670,.docx,16451.79,1,0,4.8441,document
F0671,.webm,57247.12,0,1,8.0159,video
F0672,.pptx,23959.62,1,0,4.542,document
F0673,.xml,92607.53,1,0,4.3558,data
F0674,.csv,58014.97,1,0,4.0224,data
F0675,.pptx,31350.76,1,0,4.771,document
F0676,.pdf,6006.71,1,0,4.0946,document
F0677,.gz,986.72,0,1,7.6835,archive
F0678,.dmg,82713.48,0,1,6.1125,executable
F0679,.bat,94291.61,0,1,5.7083,executable
F0680,.json,25436.74,1,0,3.3621,data
F0681,.js,16573.55,1,0,4.4822,code
F0682,.java,63149.84,1,0,3.7104,code
F0683,.flv,91288.09,0,1,7.7835,video
F0684,.cpp,86912.76,1,0,4.337,code
F0685,.bat,94544.65,0,1,6.3888,executable
F0686,.wav,88753.18,0,1,7.0871,audio
F0687,.csv,49741.16,1,0,4.0639,data
F0688,.tar,72490.22,0,1,8.4841,archive
F0689,.bat,16330.9,0,1,6.4193,executable
F0690,.png,73533.3,0,1,6.5139,image
F0691,.csv,61140.44,1,0,3.1062,data
F0692,.png,71646.21,0,1,6.9679,image
F0693,.webp,1933.75,0,1,7.7063,image
F0694,.rtf,63022.63,1,0,4.6024,document
F0695,.parquet,92220.54,1,0,3.6147,data
F0696,.webm,18902.97,0,1,8.3638,video
F0697,.bat,14880.87,0,1,6.5894,executable
F0698,.7z,62833.05,0,1,7.2884,archive
F0699,.bmp,43315.52,0,1,7.7271,image
F0700,.png,95562.56,0,1,6.6454,image
F0701,.svg,80463.64,0,1,7.0641,image
F0702,.sh,59113.81,0,1,5.78,executable
F0703,.dll,63654.52,0,1,5.9103,executable
F0704,.avi,22641.9,0,1,8.5433,video
F0705,.zip,51648.3,0,1,7.9129,archive
F0706,.csv,92488.3,1,0,3.0708,data
F0707,.xlsx,60421.12,1,0,3.8501,data
F0708,.gz,9852.84,0,1,7.4177,archive
F0709,.exe,53898.85,0,1,7.1284,executable
F0710,.rar,78325.61,0,1,8.6611,archive
F0711,.ts,37802.62,1,0,4.2814,code
F0712,.txt,14959.78,1,0,3.878,document
F0713,.docx,9523.21,1,0,4.6879,document
F0714,.bz2,52936.9,0,1,7.1025,archive
F0715,.gz,26098.57,0,1,8.0578,archive
F0716,.webm,27261.96,0,1,8.1714,video
F0717,.gz,43860.55,0,1,8.5143,archive
F0718,.odt,10359.12,1,0,4.9247,document
F0719,.jpg,19662.21,0,1,7.4619,image
F0720,.rs,17435.93,1,0,4.5307,code
F0721,.exe,35701.03,0,1,7.2118,executable
F0722,.m4a,80829.73,0,1,6.7198,audio
F0723,.zip,35973.26,0,1,8.1376,archive
F0724,.flac,96827.31,0,1,6.808,audio
F0725,.mov,17.86,0,1,7.8471,video
F0726,.mov,93864.75,0,1,7.1391,video
F0727,.webp,60639.03,0,1,7.4904,image
F0728,.rs,50619.66,1,0,3.7392,code
F0729,.parquet,53368.84,1,0,3.3957,data
F0730,.mov,29282.78,0,1,7.9826,video
F0731,.bat,69101.6,0,1,7.0751,executable
F0732,.webm,3032.09,0,1,8.534,video
F0733,.tar,67280.06,0,1,7.2707,archive
F0734,.go,74602.79,1,0,4.5732,code
F0735,.bmp,20214.66,0,1,6.5545,image
F0736,.zip,81680.3,0,1,7.8366,archive
F0737,.dmg,28034.52,0,1,5.866,executable
F0738,.gz,48379.06,0,1,7.6155,archive
F0739,.yaml,85166.28,1,0,3.5109,data
F0740,.docx,70200.19,1,0,4.1629,document
F0741,.7z,90189.69,0,1,7.5349,archive
F0742,.txt,56745.76,1,0,4.1148,document
F0743,.jpg,33130.04,0,1,7.5801,image
F0744,.txt,4000.82,1,0,4.2964,document
F0745,.rar,3693.9,0,1,7.3508,archive
F0746,.avi,86523.07,0,1,7.7399,video
F0747,.7z,27755.56,0,1,7.3927,archive
F0748,.wav,36294.82,0,1,6.3838,audio
F0749,.flac,70520.6,0,1,6.5287,audio
F0750,.webp,78778.45,0,1,7.623,image
F0751,.wav,3917.04,0,1,7.637,audio
F0752,.avi,50450.15,0,1,8.5429,video
F0753,.php,66443.56,1,0,4.1161,code
F0754,.ogg,63325.54,0,1,6.9031,audio
F0755,.rs,28242.65,1,0,3.6591,code
F0756,.ogg,14535.96,0,1,6.3911,audio
F0757,.png,80730.29,0,1,6.8464,image
F0758,.pptx,52082.03,1,0,4.8989,document
F0759,.webm,87851.48,0,1,7.0104,video
F0760,.parquet,91170.62,1,0,3.3465,data
F0761,.mp3,13734.09,0,1,6.9588,audio
F0762,.dmg,87506.62,0,1,6.2752,executable
F0763,.7z,50149.83,0,1,7.9507,archive
F0764,.webp,35290.67,0,1,7.8238,image
F0765,.odt,41462.99,1,0,4.023,document
F0766,.bat,59214.12,0,1,6.5236,executable
F0767,.dll,52820.61,0,1,6.2875,executable
F0768,.dll,5380.08,0,1,6.1572,executable
F0769,.dll,53488.76,0,1,6.1054,executable
F0770,.docx,51134.54,1,0,3.8413,document
F0771,.tar,4368.46,0,1,7.1334,archive
F0772,.tar,62208.54,0,1,7.8263,archive
F0773,.m4a,40497.91,0,1,6.6712,audio
F0774,.xlsx,49930.44,1,0,3.7903,data
F0775,.avi,92264.87,0,1,8.5044,video
F0776,.m4a,11574.74,0,1,6.5711,audio
F0777,.pdf,65362.81,1,0,5.2507,document
F0778,.wav,97126.41,0,1,7.3199,audio
F0779,.zip,64248.36,0,1,8.2218,archive
F0780,.txt,84833.4,1,0,3.9618,document
F0781,.gz,52604.82,0,1,8.0043,archive
F0782,.ogg,94102.11,0,1,7.0498,audio
F0783,.flv,48128.74,0,1,8.3826,video
F0784,.json,35823.52,1,0,3.2485,data
F0785,.webp,27124.63,0,1,7.2242,image
F0786,.apk,63251.53,0,1,6.8084,executable
F0787,.csv,68412.67,1,0,3.3909,data
F0788,.rs,2814.4,1,0,4.3967,code
F0789,.flac,2451.68,0,1,7.4835,audio
F0790,.mov,8321.45,0,1,8.1051,video
F0791,.json,29715.77,1,0,4.0405,data
F0792,.webm,98093.27,0,1,8.1521,video
F0793,.bmp,10194.77,0,1,7.5133,image
F0794,.xlsx,30310.29,1,0,3.9387,data
F0795,.jpg,10279.62,0,1,7.2898,image
F0796,.apk,59610.67,0,1,7.0668,executable
F0797,.pdf,43541.64,1,0,4.6173,document
F0798,.gif,62809.35,0,1,6.8058,image
F0799,.rar,60378.09,0,1,8.5129,archive
F0800,.mp3,77832.72,0,1,6.371,audio
F0801,.svg,77349.95,0,1,6.9887,image
F0802,.bz2,80674.92,0,1,8.5202,archive
F0803,.cpp,37246.14,1,0,4.8174,code
F0804,.yaml,22696.47,1,0,3.2179,data
F0805,.go,24584.31,1,0,3.7784,code
F0806,.flv,37888.86,0,1,7.6116,video
F0807,.flac,5649.37,0,1,6.8807,audio
F0808,.ts,97852.33,1,0,4.5865,code
F0809,.pdf,72550.48,1,0,3.8071,document
F0810,.parquet,66011.88,1,0,3.7399,data
F0811,.go,5724.29,1,0,3.7976,code
F0812,.m4a,74617.8,0,1,6.976,audio
F0813,.json,96705.14,1,0,4.5778,data
F0814,.exe,51756.91,0,1,6.6866,executable
F0815,.pdf,25504.32,1,0,4.9276,document
F0816,.ogg,24132.93,0,1,7.4298,audio
F0817,.webm,71987.73,0,1,7.6367,video
F0818,.ogg,30663.64,0,1,7.3887,audio
F0819,.gif,2006.16,0,1,7.8907,image
F0820,.pptx,40977.6,1,0,4.5527,document
F0821,.csv,84798.32,1,0,3.8683,data
F0822,.wav,31084.19,0,1,6.5305,audio
F0823,.sh,56678.98,0,1,6.077,executable
F0824,.wav,66787.74,0,1,6.4501,audio
F0825,.svg,75599.47,0,1,7.1161,image
F0826,.dmg,65111.31,0,1,6.9184,executable
F0827,.mp3,52208.92,0,1,6.8844,audio
F0828,.rar,24164.66,0,1,7.9894,archive
F0829,.csv,98876.89,1,0,3.3665,data
F0830,.wav,1012.43,0,1,6.4416,audio
F0831,.parquet,33267.44,1,0,4.3602,data
F0832,.wav,48757.58,0,1,7.3605,audio
F0833,.flac,72629.2,0,1,6.9263,audio
F0834,.rs,76638.97,1,0,4.5921,code
F0835,.apk,23448.23,0,1,6.7785,executable
F0836,.bmp,6776.33,0,1,7.8643,image
F0837,.webp,85731.23,0,1,7.6698,image
F0838,.docx,9302.43,1,0,5.0598,document
F0839,.ts,94456.5,1,0,4.6511,code
F0840,.apk,81568.88,0,1,6.6267,executable
F0841,.bz2,33078.51,0,1,8.0491,archive
F0842,.apk,9950.21,0,1,6.5301,executable
F0843,.svg,64318.61,0,1,6.6395,image
F0844,.bat,42065.08,0,1,6.1818,executable
F0845,.docx,70908.17,1,0,4.4643,document
F0846,.avi,91737.72,0,1,7.0026,video
F0847,.rar,78462.54,0,1,8.3289,archive
F0848,.webm,31803.11,0,1,7.3506,video
F0849,.m4a,15508.35,0,1,6.2994,audio
F0850,.png,41369.08,0,1,7.4973,image
F0851,.flv,4641.65,0,1,7.0985,video
F0852,.flac,60074.14,0,1,6.7235,audio
F0853,.mp4,51484.78,0,1,7.7266,video
F0854,.yaml,75925.87,1,0,4.2369,data
F0855,.rar,89729.16,0,1,7.7333,archive
F0856,.webp,48256.21,0,1,7.937,image
F0857,.rar,38518.54,0,1,7.6248,archive
F0858,.jpg,90614.01,0,1,6.5578,image
F0859,.ogg,10529.67,0,1,7.109,audio
F0860,.csv,84339.88,1,0,4.2693,data
F0861,.svg,63724.56,0,1,6.689,image
F0862,.mp3,68956.93,0,1,6.7972,audio
F0863,.mp3,16698.01,0,1,7.1277,audio
F0864,.txt,18275.63,1,0,4.4117,document
F0865,.php,83359.58,1,0,4.1347,code
F0866,.xml,27669.4,1,0,4.3821,data
F0867,.exe,24760.41,0,1,6.5274,executable
F0868,.json,72981.17,1,0,4.3573,data
F0869,.json,88977.13,1,0,4.348,data
F0870,.php,65006.12,1,0,3.5856,code
F0871,.yaml,43065.79,1,0,4.334,data
F0872,.apk,53155.28,0,1,5.926,executable
F0873,.bz2,62025.1,0,1,8.2971,archive
F0874,.cpp,93501.73,1,0,4.026,code
F0875,.rtf,50406.37,1,0,3.9473,document
F0876,.pptx,77759.99,1,0,4.4714,document
F0877,.wav,75233.51,0,1,7.7226,audio
F0878,.ogg,96046.1,0,1,6.7073,audio
F0879,.flv,81514.32,0,1,7.0244,video
F0880,.gz,92539.9,0,1,8.2952,archive
F0881,.7z,44446.82,0,1,7.1559,archive
F0882,.cpp,48277.06,1,0,4.156,code
F0883,.ts,89579.97,1,0,3.5564,code
F0884,.ogg,39577.52,0,1,6.9442,audio
F0885,.rs,52486.72,1,0,3.4971,code
F0886,.m4a,19961.25,0,1,6.8653,audio
F0887,.zip,39221.02,0,1,7.1996,archive
F0888,.flac,2623.53,0,1,7.0397,audio
F0889,.mov,3794.31,0,1,8.2154,video
F0890,.avi,20493.41,0,1,7.4693,video
F0891,.dll,48421.56,0,1,5.7158,executable
F0892,.rs,88851.57,1,0,3.4429,code
F0893,.flv,12274.43,0,1,8.326,video
F0894,.flac,39585.34,0,1,6.8104,audio
F0895,.mkv,57333.45,0,1,8.0209,video
F0896,.mkv,21994.88,0,1,8.1319,video
F0897,.png,89783.98,0,1,7.7687,image
F0898,.rs,49610.69,1,0,4.4785,code
F0899,.exe,54133.41,0,1,6.8914,executable
F0900,.gif,71750.13,0,1,7.8432,image
F0901,.mkv,87789.41,0,1,7.3523,video
F0902,.sh,93575.99,0,1,7.1399,executable
F0903,.bz2,20820.9,0,1,7.2275,archive
F0904,.yaml,81946.28,1,0,3.818,data
F0905,.ogg,50290.03,0,1,7.3748,audio
F0906,.tar,35780.46,0,1,8.591,archive
F0907,.ts,67090.41,1,0,4.3096,code
F0908,.py,52455.42,1,0,3.9923,code
F0909,.xlsx,80524.87,1,0,4.374,data
F0910,.webp,60644.01,0,1,7.6348,image
F0911,.exe,22263.43,0,1,7.2494,executable
F0912,.flac,71733.55,0,1,6.7638,audio
F0913,.php,52168.87,1,0,4.6751,code
F0914,.pptx,71070.25,1,0,3.9073,document
F0915,.png,54908.5,0,1,7.3691,image
F0916,.dmg,16555.47,0,1,5.9335,executable
F0917,.sh,35389.36,0,1,7.063,executable
F0918,.tar,57169.5,0,1,7.6482,archive
F0919,.flac,68411.83,0,1,7.71,audio
F0920,.txt,92828.39,1,0,4.9177,document
F0921,.avi,5238.62,0,1,8.0376,video
F0922,.wav,35974.3,0,1,7.2795,audio
F0923,.flv,38184.47,0,1,8.5499,video
F0924,.flv,53791.42,0,1,7.7444,video
F0925,.mov,70934.12,0,1,8.506,video
F0926,.flac,34427.14,0,1,7.325,audio
F0927,.odt,95584.26,1,0,3.8057,document
F0928,.pptx,26929.63,1,0,4.6944,document
F0929,.flv,41137.84,0,1,8.2343,video
F0930,.xml,39325.11,1,0,3.1473,data
F0931,.7z,40399.59,0,1,7.2409,archive
F0932,.rar,81598.89,0,1,7.7801,archive
F0933,.py,11599.38,1,0,3.6357,code
F0934,.mp4,56286.81,0,1,7.325,video
F0935,.docx,60125.15,1,0,4.7606,document
F0936,.avi,46981.45,0,1,7.9109,video
F0937,.mp4,82437.41,0,1,8.2475,video
F0938,.zip,1226.11,0,1,7.3428,archive
F0939,.zip,23734.12,0,1,7.5606,archive
F0940,.mov,26851.22,0,1,7.1753,video
F0941,.flv,46317.75,0,1,7.8038,video
F0942,.m4a,38540.25,0,1,6.2206,audio
F0943,.txt,51101.46,1,0,4.9342,document
F0944,.webp,82265.74,0,1,6.7359,image
F0945,.dll,65764.44,0,1,6.1345,executable
F0946,.jpg,86467.82,0,1,7.7452,image
F0947,.bmp,71965.52,0,1,6.6232,image
F0948,.docx,66346.21,1,0,5.269,document
F0949,.gif,8035.49,0,1,6.7685,image
F0950,.json,11777.05,1,0,4.2651,data
F0951,.rtf,33603.37,1,0,4.6314,document
F0952,.flv,42842.61,0,1,7.5561,video
F0953,.mp4,48356.18,0,1,7.8004,video
F0954,.rtf,1354.36,1,0,4.023,document
F0955,.cpp,37765.96,1,0,4.4847,code
F0956,.bat,35124.65,0,1,7.2626,executable
F0957,.mkv,6926.93,0,1,8.2892,video
F0958,.jpg,86049.93,0,1,6.5703,image
F0959,.webm,91917.78,0,1,7.3505,video
F0960,.webm,80485.98,0,1,8.4855,video
F0961,.webp,85567.24,0,1,6.4994,image
F0962,.odt,96370.1,1,0,4.6052,document
F0963,.xlsx,65379.43,1,0,3.4602,data
F0964,.ts,17154.25,1,0,3.9751,code
F0965,.rtf,81284.63,1,0,5.1819,document
F0966,.json,6029.6,1,0,3.6113,data
F0967,.exe,15056.55,0,1,6.2123,executable
F0968,.avi,33253.52,0,1,7.3741,video
F0969,.dmg,89121.82,0,1,5.8013,executable
F0970,.gif,93960.54,0,1,6.9089,image
F0971,.pptx,39338.63,1,0,4.5655,document
F0972,.xml,615.26,1,0,3.1307,data
F0973,.wav,42370.36,0,1,6.5787,audio
F0974,.mp4,31722.19,0,1,7.905,video
F0975,.json,52529.94,1,0,3.7036,data
F0976,.yaml,72681.04,1,0,4.1828,data
F0977,.ogg,1202.55,0,1,7.5384,audio
F0978,.rs,21700.35,1,0,4.1873,code
F0979,.java,52661.26,1,0,3.6869,code
F0980,.svg,77041.76,0,1,7.2522,image
F0981,.dmg,59766.65,0,1,5.9036,executable
F0982,.py,88652.56,1,0,4.4279,code
F0983,.svg,31131.06,0,1,7.0904,image
F0984,.flv,16713.42,0,1,7.8145,video
F0985,.flv,85220.73,0,1,7.1387,video
F0986,.7z,2742.97,0,1,7.1289,archive
F0987,.pptx,37148.81,1,0,4.4877,document
F0988,.sh,64987.4,0,1,5.7083,executable
F0989,.pdf,47629.88,1,0,4.951,document
F0990,.sh,34689.23,0,1,6.3493,executable
F0991,.ts,11539.62,1,0,4.4732,code
F0992,.mkv,15256.24,0,1,8.1112,video
F0993,.xml,12645.07,1,0,4.059,data
F0994,.yaml,44974.53,1,0,4.3032,data
F0995,.parquet,20803.77,1,0,3.3069,data
F0996,.txt,92177.95,1,0,4.0544,document
F0997,.rar,76704.08,0,1,8.2077,archive
F0998,.pdf,54255.33,1,0,3.8145,document
F0999,.mkv,81645.79,0,1,8.5983,video
F1000,.pptx,43124.6,1,0,4.1114,document