user_id,file_id,file_name,file_type,access_count,last_accessed,tags
U029,F035,photo_19.webp,image,123,2026-03-08T16:08:52.381Z,research,hr
U023,F018,photo_69.png,image,18,2026-02-06T02:07:29.818Z,research,project
U004,F083,clip_84.mp4,video,182,2026-01-17T14:10:55.521Z,education,research,media
U040,F100,sales_49.xlsx,spreadsheet,159,2026-03-13T03:10:00.184Z,finance
U018,F002,project_38.tar,archive,170,2026-04-01T00:10:26.921Z,media,research
U032,F034,data_77.xlsx,spreadsheet,58,2026-02-11T06:27:33.600Z,marketing,legal,personal
U006,F003,logs_99.gz,archive,122,2026-03-12T10:18:32.592Z,education
U029,F071,forecast_67.xlsx,spreadsheet,86,2025-11-22T22:21:41.908Z,marketing,legal
U044,F078,backup_53.zip,archive,42,2025-10-29T17:12:16.000Z,project,marketing
U022,F073,song_41.m4a,audio,55,2025-10-20T10:45:32.207Z,hr,finance
U041,F040,logs_10.tar,archive,181,2025-12-03T15:44:17.799Z,engineering,media
U001,F008,interview_46.wav,audio,161,2025-11-26T12:31:19.229Z,legal,research
U037,F048,logs_63.zip,archive,181,2025-10-31T18:04:58.403Z,personal,finance,hr
U043,F004,metrics_49.xlsx,spreadsheet,24,2025-10-28T14:08:05.020Z,finance
U029,F070,inventory_60.xlsx,spreadsheet,20,2026-02-15T07:21:26.978Z,hr
U043,F028,export_98.gz,archive,31,2025-11-09T16:47:57.825Z,finance,personal
U014,F049,tracker_88.xlsx,spreadsheet,129,2026-03-19T06:38:36.750Z,research
U008,F018,brochure_7.pdf,pdf,148,2026-03-17T09:30:14.620Z,hr,personal,engineering
U004,F057,logo_53.webp,image,37,2025-10-23T12:41:28.409Z,research,education
U044,F085,clip_41.mov,video,20,2025-10-16T06:30:56.217Z,engineering,education,personal
U008,F063,photo_44.jpg,image,139,2025-11-22T17:11:24.068Z,research,personal
U033,F037,metrics_24.xlsx,spreadsheet,13,2026-02-03T06:59:12.550Z,personal
U006,F018,guide_52.pdf,pdf,24,2025-12-18T08:48:23.497Z,media,education,hr
U042,F054,logs_73.gz,archive,198,2025-10-26T19:32:44.902Z,engineering,personal,project
U035,F011,tests_42.java,code,92,2025-11-22T01:13:28.633Z,project,personal
U036,F098,demo_93.mp4,video,195,2026-02-15T08:03:41.746Z,finance,personal,research
U041,F028,helper_92.ts,code,141,2026-02-27T20:10:02.820Z,personal,engineering,project
U040,F092,diagram_96.jpg,image,139,2026-01-04T03:11:38.527Z,finance,engineering
U027,F057,helper_46.py,code,120,2025-10-29T07:57:21.598Z,media
U047,F028,lecture_1.wav,audio,34,2026-01-11T13:55:48.755Z,hr,finance,marketing
U014,F052,logo_65.jpg,image,193,2025-11-29T00:10:45.878Z,media,education,research
U015,F083,banner_87.jpg,image,30,2025-10-26T17:17:14.383Z,hr,media
U006,F037,logo_59.png,image,175,2025-12-19T06:23:58.828Z,engineering,finance,legal
U030,F050,helper_35.ts,code,120,2026-02-09T04:45:54.326Z,legal
U032,F024,utils_88.py,code,77,2025-10-11T06:05:15.963Z,personal,finance
U021,F015,tour_6.mov,video,24,2025-11-04T10:25:46.076Z,legal
U031,F084,voicemail_19.mp3,audio,100,2025-12-04T02:38:51.626Z,finance,engineering,hr
U034,F030,webinar_13.mp4,video,184,2025-12-28T21:19:47.304Z,engineering,project
U027,F047,payroll_81.xlsx,spreadsheet,30,2025-12-13T01:06:33.772Z,education
U024,F029,config_43.java,code,161,2025-10-11T09:23:42.587Z,engineering,media
U042,F066,interview_44.m4a,audio,36,2026-02-06T05:58:03.226Z,education,legal
U017,F087,config_64.ts,code,127,2026-04-03T17:10:18.784Z,education,legal
U041,F030,backup_46.zip,archive,88,2025-11-27T14:34:13.900Z,education,personal
U003,F087,service_55.js,code,11,2026-01-21T15:32:24.074Z,legal
U008,F033,service_85.java,code,83,2026-03-06T16:51:08.661Z,research,project
U030,F017,thesis_56.pdf,pdf,55,2025-11-17T09:35:05.607Z,research
U039,F082,clip_64.mp4,video,126,2026-03-13T23:53:49.740Z,engineering,media,personal
U034,F090,podcast_64.m4a,audio,96,2026-03-09T08:29:57.210Z,legal,education
U005,F063,logo_2.png,image,134,2026-03-27T00:17:51.681Z,finance,media
U015,F014,lecture_28.wav,audio,182,2025-11-20T23:11:05.687Z,hr,finance,research
U025,F013,forecast_33.xlsx,spreadsheet,161,2025-12-14T23:50:32.987Z,education,legal
U036,F023,screenshot_3.webp,image,77,2026-03-10T12:16:27.987Z,project,marketing
U025,F054,tests_70.js,code,143,2025-12-07T20:13:03.388Z,media,engineering
U001,F063,backup_5.tar,archive,36,2026-01-02T18:29:20.140Z,media,legal
U035,F002,backup_56.zip,archive,91,2025-11-02T14:05:38.969Z,engineering,research
U029,F044,interview_83.m4a,audio,80,2026-02-08T10:00:47.991Z,engineering
U018,F017,forecast_95.xlsx,spreadsheet,182,2025-11-19T02:51:24.473Z,research
U028,F021,clip_3.mkv,video,39,2026-04-03T20:56:04.807Z,finance,legal
U017,F050,project_15.tar,archive,179,2025-11-16T08:49:20.900Z,education
U021,F088,backup_67.zip,archive,190,2026-03-18T18:02:16.207Z,personal,education
U013,F060,recording_38.mp4,video,117,2025-10-14T00:53:21.620Z,project
U017,F019,api_66.js,code,93,2026-02-04T07:37:42.698Z,legal
U014,F085,tracker_81.xlsx,spreadsheet,45,2026-02-24T12:41:52.935Z,media,engineering
U022,F029,presentation_13.mov,video,143,2025-12-09T01:36:51.322Z,project,media,hr
U003,F054,service_46.java,code,40,2025-10-29T19:39:43.997Z,media,hr,research
U019,F066,tour_98.mov,video,55,2025-12-03T07:51:22.421Z,media
U027,F030,summary_71.pdf,pdf,69,2025-12-01T17:14:11.791Z,engineering,personal,finance
U005,F056,logs_16.gz,archive,160,2025-11-13T23:58:56.094Z,media,legal,education
U034,F008,utils_84.ts,code,98,2026-03-09T14:27:02.411Z,finance
U018,F088,voicemail_68.wav,audio,188,2026-01-12T17:19:20.753Z,engineering,legal,project
U047,F005,brochure_76.pdf,pdf,42,2026-02-10T18:10:52.227Z,project,marketing
U027,F054,song_20.mp3,audio,121,2025-11-12T10:28:28.653Z,research
U005,F059,project_80.tar,archive,135,2026-03-24T04:52:06.118Z,marketing,finance
U011,F011,voicemail_57.mp3,audio,8,2026-02-27T21:24:44.442Z,hr,marketing
U030,F062,webinar_11.mp4,video,69,2025-12-17T17:48:58.208Z,personal
U047,F022,utils_85.py,code,157,2026-03-27T02:48:32.705Z,project,research
U036,F042,screenshot_56.jpg,image,181,2025-11-16T01:18:26.155Z,project,research,finance
U016,F037,helper_39.js,code,173,2025-11-20T23:45:24.160Z,legal,research
U031,F092,demo_36.mp4,video,135,2026-01-20T14:35:53.376Z,engineering,personal,finance
U015,F088,meeting_18.m4a,audio,197,2025-11-18T11:58:00.389Z,project
U041,F023,release_47.gz,archive,132,2026-02-05T03:58:13.158Z,marketing,education
U017,F035,tutorial_99.mp4,video,34,2026-01-05T16:43:20.097Z,personal,research,hr
U036,F070,presentation_48.mov,video,197,2025-10-25T01:40:24.980Z,hr,legal
U001,F020,invoice_57.pdf,pdf,198,2025-11-23T01:09:33.720Z,media
U033,F029,metrics_8.xlsx,spreadsheet,75,2026-03-28T16:52:59.229Z,marketing,engineering
U040,F093,main_36.js,code,41,2025-11-26T22:26:45.128Z,personal,engineering
U050,F012,main_74.py,code,11,2025-11-27T21:26:08.998Z,personal,education,media
U003,F031,manual_96.pdf,pdf,6,2025-12-28T20:58:02.035Z,legal
U024,F061,portrait_5.png,image,199,2025-11-11T03:30:53.055Z,finance,engineering
U036,F009,tests_34.py,code,7,2026-03-04T00:24:09.284Z,personal,education
U046,F059,backup_67.gz,archive,166,2026-01-05T13:34:22.902Z,finance
U050,F080,podcast_13.mp3,audio,9,2026-02-12T12:59:11.641Z,hr,finance
U018,F030,voicemail_60.mp3,audio,137,2025-12-10T04:45:21.859Z,finance,media
U003,F094,summary_57.pdf,pdf,38,2026-03-12T05:52:27.820Z,project
U006,F013,portrait_16.webp,image,155,2026-02-09T10:19:41.888Z,research,personal
U034,F024,manual_93.pdf,pdf,3,2026-03-17T10:03:58.453Z,finance,media
U050,F097,metrics_33.xlsx,spreadsheet,156,2026-02-04T08:53:34.053Z,finance,project
U031,F042,podcast_58.wav,audio,67,2025-12-18T18:52:21.200Z,project
U037,F020,tutorial_28.mov,video,45,2025-11-21T13:29:25.253Z,engineering
U011,F081,photo_11.jpg,image,121,2026-03-11T09:59:46.015Z,finance,media
U032,F042,promo_18.mov,video,66,2026-01-21T06:53:56.291Z,personal,education
U046,F025,banner_86.jpg,image,130,2026-01-23T12:40:54.194Z,personal
U002,F094,sales_45.xlsx,spreadsheet,23,2025-10-13T14:46:27.536Z,hr,media
U022,F003,photo_73.jpg,image,191,2026-01-09T04:38:25.654Z,personal,finance,engineering
U019,F036,logs_13.tar,archive,52,2025-10-27T01:32:24.750Z,media
U024,F015,release_33.gz,archive,192,2025-10-21T19:01:06.886Z,hr,marketing,project
U011,F072,scan_54.webp,image,4,2025-10-31T22:01:24.651Z,engineering,project
U044,F092,release_94.gz,archive,172,2026-02-03T08:55:59.032Z,media,hr
U002,F021,interview_96.wav,audio,127,2025-10-30T01:01:49.562Z,media,engineering
U005,F045,utils_47.py,code,153,2026-02-13T10:20:44.767Z,personal,research,project
U025,F050,main_49.java,code,97,2025-10-31T08:01:50.459Z,legal
U038,F056,clip_82.mkv,video,195,2026-03-18T10:47:04.300Z,research,legal
U003,F083,webinar_74.mkv,video,21,2026-01-07T22:10:29.459Z,research
U007,F078,recording_73.mov,video,192,2025-12-29T09:33:58.124Z,research,personal
U023,F075,logo_99.jpg,image,165,2026-01-02T21:50:01.025Z,marketing,media,research
U014,F094,export_42.gz,archive,1,2026-04-05T02:49:09.807Z,legal,project
U036,F093,lecture_49.wav,audio,77,2025-10-19T17:17:16.158Z,engineering,media,project
U007,F081,schema_86.java,code,63,2025-11-22T04:35:47.913Z,media,engineering
U022,F075,export_76.tar,archive,129,2025-12-05T23:29:25.610Z,engineering,marketing
U013,F079,utils_95.js,code,103,2026-04-03T21:53:24.456Z,finance,personal
U010,F005,portrait_82.jpg,image,61,2026-01-21T09:03:49.142Z,engineering,media,hr
U037,F052,meeting_94.wav,audio,75,2025-11-07T12:45:02.260Z,finance
U026,F096,banner_80.jpg,image,188,2026-01-30T13:20:01.170Z,legal,personal
U048,F025,thesis_93.pdf,pdf,86,2025-10-08T01:20:58.927Z,legal,education
U039,F054,tests_4.js,code,120,2026-02-07T21:33:43.703Z,legal,hr,project
U037,F100,utils_66.ts,code,128,2026-02-06T10:17:04.575Z,media,engineering
U028,F005,inventory_56.xlsx,spreadsheet,73,2025-11-11T09:09:19.966Z,marketing,hr
U031,F068,banner_80.png,image,176,2025-10-25T02:27:03.929Z,education,finance,marketing
U047,F076,manual_7.pdf,pdf,194,2025-12-26T15:10:22.132Z,legal
U046,F035,voicemail_23.mp3,audio,61,2025-10-18T00:40:18.138Z,project,marketing,engineering
U035,F058,scan_43.webp,image,100,2025-11-08T16:09:07.133Z,hr,engineering,finance
U012,F040,brochure_39.pdf,pdf,6,2026-01-13T12:27:36.706Z,marketing
U006,F018,chart_84.webp,image,120,2025-12-31T07:16:24.644Z,media
U049,F094,lecture_22.mp3,audio,97,2025-10-30T22:00:35.921Z,education,marketing
U036,F059,project_9.zip,archive,37,2026-02-10T02:25:08.788Z,finance
U041,F018,project_61.zip,archive,67,2026-03-15T23:43:48.252Z,marketing,finance
U043,F087,tutorial_6.mov,video,137,2026-02-22T19:00:53.336Z,media
U025,F078,brochure_53.pdf,pdf,121,2025-10-21T01:20:20.145Z,education,hr
U012,F090,lecture_94.mp3,audio,63,2025-11-29T17:09:20.888Z,project,legal,marketing
U008,F005,forecast_66.xlsx,spreadsheet,12,2025-11-26T18:59:35.778Z,media,personal
U035,F094,logo_11.jpg,image,140,2025-10-11T10:22:58.692Z,research,media,project
U045,F029,diagram_68.webp,image,117,2026-03-12T02:22:45.328Z,media,hr,legal
U034,F072,brochure_85.pdf,pdf,170,2026-01-04T18:35:09.921Z,personal,hr,legal
U015,F057,logo_67.png,image,189,2026-02-07T09:18:09.729Z,project,research
U045,F065,interview_5.m4a,audio,26,2026-04-05T14:44:22.480Z,marketing,finance
U004,F012,meeting_91.mp3,audio,90,2025-11-15T13:09:53.581Z,personal
U017,F083,assets_95.gz,archive,164,2025-12-12T17:12:58.741Z,education,hr
U014,F084,demo_50.mp4,video,166,2025-10-29T03:21:23.221Z,legal,engineering,project
U008,F078,song_93.wav,audio,4,2026-03-22T20:14:38.424Z,engineering
U008,F021,config_74.java,code,147,2026-01-11T00:56:37.857Z,marketing,personal
U022,F001,song_51.wav,audio,137,2026-01-02T17:12:49.434Z,legal,project
U046,F028,tour_39.mkv,video,193,2026-02-27T09:34:51.098Z,legal
U006,F067,utils_64.js,code,96,2025-12-01T16:24:17.199Z,personal,education,finance
U010,F017,main_37.ts,code,118,2025-11-09T20:16:04.878Z,research,media,engineering
U045,F006,payroll_42.xlsx,spreadsheet,91,2025-10-17T20:29:53.093Z,education,marketing
U009,F044,forecast_50.xlsx,spreadsheet,66,2026-02-04T07:47:46.046Z,marketing,legal
U025,F027,thesis_7.pdf,pdf,115,2025-11-15T05:36:11.840Z,education,engineering,research
U047,F077,policy_89.pdf,pdf,29,2026-02-28T15:43:45.874Z,legal
U030,F081,backup_57.tar,archive,41,2026-01-12T01:21:02.797Z,marketing,personal,engineering
U009,F032,report_66.pdf,pdf,166,2026-02-18T07:16:07.892Z,media,legal
U007,F054,summary_56.pdf,pdf,134,2025-10-07T15:23:39.339Z,media,project
U020,F080,forecast_99.xlsx,spreadsheet,199,2026-02-15T14:54:35.975Z,education,research,project
U013,F031,schema_20.java,code,49,2025-10-24T16:14:55.723Z,finance
U012,F100,policy_21.pdf,pdf,60,2025-10-11T11:45:05.487Z,hr
U046,F001,main_31.java,code,199,2025-10-12T21:06:17.713Z,personal,education
U028,F022,policy_53.pdf,pdf,187,2026-01-08T06:57:58.453Z,project,hr
U039,F082,tests_45.py,code,88,2025-11-19T13:09:48.400Z,personal,hr,engineering
U001,F046,policy_30.pdf,pdf,128,2025-12-19T19:29:08.720Z,project,hr,marketing
U012,F023,screenshot_76.webp,image,198,2026-02-10T13:30:45.879Z,research,education,media
U001,F014,meeting_90.m4a,audio,157,2026-03-11T12:27:04.823Z,marketing,hr
U008,F061,project_83.tar,archive,87,2025-10-22T23:28:04.165Z,research,media
U034,F100,podcast_14.wav,audio,93,2026-01-14T05:34:37.673Z,personal,project
U046,F060,logs_54.gz,archive,153,2025-10-11T23:27:10.077Z,personal,engineering
U038,F087,policy_35.pdf,pdf,7,2025-10-07T23:38:33.057Z,education,media,engineering
U002,F068,api_1.js,code,7,2026-01-22T17:08:03.852Z,project
U038,F040,assets_51.gz,archive,14,2025-10-16T19:34:43.821Z,research
U030,F066,budget_14.xlsx,spreadsheet,174,2026-03-05T19:46:44.954Z,legal,education
U029,F081,podcast_83.wav,audio,115,2025-10-19T07:20:36.674Z,engineering
U019,F061,export_52.zip,archive,113,2025-12-06T10:43:45.416Z,media
U009,F022,meeting_98.mp3,audio,99,2025-12-26T19:40:33.208Z,research
U007,F016,logs_66.tar,archive,10,2026-04-03T02:30:05.832Z,project,finance,hr
U028,F032,tests_40.py,code,121,2026-03-19T01:44:12.639Z,hr,personal
U002,F025,invoice_45.pdf,pdf,190,2026-02-10T03:01:43.912Z,hr,project
U004,F064,main_57.java,code,89,2026-03-28T05:24:37.199Z,education,project
U039,F044,brochure_84.pdf,pdf,89,2026-01-22T09:01:40.090Z,education,finance,engineering
U032,F005,main_30.js,code,2,2026-03-11T20:55:22.157Z,engineering
U025,F046,voicemail_93.wav,audio,91,2025-12-29T13:05:49.337Z,finance,project
U002,F001,diagram_51.jpg,image,10,2026-01-16T03:49:57.152Z,marketing,legal
U029,F064,screenshot_82.jpg,image,197,2025-12-29T08:49:33.474Z,personal,hr,media
U043,F015,promo_10.mov,video,76,2026-01-04T19:03:58.767Z,marketing
U018,F049,tests_7.js,code,146,2025-11-09T12:55:15.979Z,project,education,engineering
U018,F054,guide_18.pdf,pdf,11,2026-01-08T18:09:23.609Z,legal,research
U030,F038,api_50.java,code,147,2026-02-26T06:02:48.443Z,marketing,hr
U006,F072,data_39.xlsx,spreadsheet,48,2025-10-09T06:45:46.595Z,hr,marketing
U001,F013,chart_24.webp,image,91,2025-12-23T18:25:41.116Z,legal
U001,F010,inventory_74.xlsx,spreadsheet,59,2026-01-06T08:08:17.134Z,legal
U040,F086,voicemail_68.mp3,audio,169,2026-03-21T17:16:59.789Z,finance
U004,F052,schema_79.ts,code,111,2025-10-19T04:45:54.683Z,research
U037,F062,voicemail_87.m4a,audio,23,2026-01-17T13:24:01.613Z,research,engineering,project
U045,F073,banner_77.jpg,image,96,2025-11-15T21:49:49.875Z,project
U001,F025,release_83.zip,archive,116,2026-03-26T07:20:05.969Z,legal,hr,engineering
U014,F023,chart_66.jpg,image,62,2025-12-19T08:23:55.686Z,project
U041,F055,portrait_37.png,image,92,2026-01-13T07:38:17.946Z,research,media
U048,F017,schema_31.ts,code,168,2026-01-07T23:20:47.831Z,personal,project,education
U011,F001,presentation_62.mov,video,45,2025-12-20T05:42:45.869Z,hr,marketing
U036,F052,metrics_98.xlsx,spreadsheet,59,2026-03-09T19:36:27.853Z,marketing
U032,F091,tour_35.mkv,video,103,2026-03-19T22:50:47.486Z,research,hr
U030,F055,assets_77.tar,archive,28,2026-01-07T04:28:08.212Z,engineering,research
U043,F002,presentation_60.mov,video,198,2025-11-28T12:38:57.834Z,marketing
U003,F098,logo_21.png,image,153,2026-02-19T11:39:16.791Z,personal
U043,F059,chart_64.png,image,187,2026-02-05T21:54:13.330Z,education,media
U033,F071,screenshot_35.png,image,10,2025-11-08T17:41:15.865Z,marketing,hr,research
U004,F054,forecast_65.xlsx,spreadsheet,119,2026-01-10T11:30:52.357Z,engineering,research
U020,F021,release_56.gz,archive,76,2025-12-18T00:29:52.353Z,hr,engineering
U014,F055,utils_7.js,code,181,2026-04-04T01:38:03.953Z,media,education,finance
U040,F053,logo_19.webp,image,196,2025-10-26T12:30:44.467Z,marketing,project,education
U048,F072,song_60.mp3,audio,169,2025-11-23T17:21:13.827Z,engineering,education
U033,F066,backup_62.tar,archive,190,2025-10-12T16:13:10.786Z,marketing
U021,F032,api_34.js,code,21,2026-02-16T18:21:36.697Z,personal
U008,F086,promo_28.mov,video,121,2026-02-20T02:19:03.394Z,hr,media,finance
U007,F086,policy_55.pdf,pdf,181,2026-04-01T04:25:54.146Z,legal,engineering,education
U037,F014,inventory_97.xlsx,spreadsheet,68,2025-11-26T11:33:26.245Z,project
U041,F011,promo_81.mkv,video,92,2025-12-26T04:27:17.162Z,media
U011,F064,demo_17.mov,video,6,2025-11-03T20:14:09.330Z,legal,project,education
U040,F099,tests_3.java,code,27,2026-03-19T03:43:52.123Z,personal,media
U031,F051,tutorial_98.mov,video,196,2026-01-26T17:46:37.763Z,research,engineering
U015,F067,brochure_54.pdf,pdf,4,2026-02-20T00:50:25.680Z,media
U045,F054,webinar_31.mp4,video,94,2026-01-18T02:32:31.973Z,finance,project
U044,F024,manual_43.pdf,pdf,43,2026-02-28T13:38:13.138Z,marketing,hr
U035,F082,project_7.tar,archive,89,2025-12-23T17:26:09.114Z,media,project,hr
U025,F030,data_27.xlsx,spreadsheet,12,2025-10-28T18:39:18.291Z,project,research
U029,F041,song_85.m4a,audio,104,2025-10-08T04:21:34.167Z,media
U007,F018,report_8.pdf,pdf,188,2025-11-13T12:03:25.336Z,legal
U004,F011,screenshot_68.png,image,183,2025-10-22T22:09:54.271Z,research
U039,F077,project_50.gz,archive,68,2026-02-09T15:45:29.150Z,engineering,personal,marketing
U026,F091,song_83.wav,audio,11,2026-03-11T15:01:29.317Z,personal
U028,F009,release_76.tar,archive,139,2025-10-20T04:03:27.076Z,project,finance
U042,F043,voicemail_41.mp3,audio,38,2026-01-12T07:39:17.301Z,finance
U029,F006,logo_45.jpg,image,25,2025-11-17T23:13:31.012Z,hr
U003,F099,assets_1.tar,archive,195,2025-12-19T15:15:26.005Z,education,project
U043,F070,logs_5.tar,archive,176,2025-12-21T19:19:25.436Z,media,project
U039,F066,screenshot_37.jpg,image,25,2025-11-10T20:03:15.599Z,legal,project,engineering
U038,F058,backup_28.zip,archive,160,2026-01-15T23:07:09.799Z,finance
U001,F030,utils_68.java,code,155,2026-03-23T20:34:57.240Z,project,research,personal
U009,F052,banner_58.webp,image,189,2026-02-21T08:33:10.037Z,project,hr,legal
U037,F056,chart_80.png,image,112,2025-10-19T02:01:05.907Z,finance,legal,education
U017,F018,lecture_6.m4a,audio,56,2025-12-01T01:14:13.018Z,project,marketing,engineering
U040,F013,interview_6.wav,audio,173,2026-02-07T00:53:36.972Z,hr,legal
U050,F043,release_85.gz,archive,30,2026-01-24T04:59:01.103Z,media,hr,project
U039,F083,assets_68.tar,archive,161,2026-02-15T06:32:09.710Z,personal
U016,F068,portrait_70.png,image,106,2025-11-26T21:49:49.437Z,media,personal
U017,F055,webinar_37.mkv,video,100,2026-03-08T06:32:34.370Z,legal,project
U005,F060,diagram_89.webp,image,151,2026-02-03T23:12:29.180Z,personal,finance,research
U048,F088,scan_80.png,image,18,2026-03-08T04:28:27.908Z,research,hr
U030,F019,release_63.gz,archive,87,2025-10-25T13:42:24.527Z,hr,marketing
U049,F055,export_86.zip,archive,63,2025-12-14T09:13:42.398Z,education,engineering
U022,F032,song_78.m4a,audio,84,2025-11-05T23:15:38.438Z,project,hr
U017,F043,scan_40.png,image,130,2025-12-12T12:20:58.537Z,media,marketing
U022,F012,webinar_85.mp4,video,46,2026-02-13T15:12:25.152Z,research,project
U031,F004,main_53.ts,code,138,2026-02-07T21:45:31.489Z,research
U022,F035,logs_76.tar,archive,71,2025-10-08T05:18:25.513Z,engineering,marketing
U033,F070,assets_97.zip,archive,149,2025-12-03T19:10:15.961Z,research
U016,F034,portrait_22.jpg,image,159,2025-11-25T11:09:09.246Z,education,research
U002,F082,assets_39.tar,archive,167,2026-03-23T04:14:25.148Z,engineering
U041,F070,release_40.tar,archive,157,2026-03-02T15:37:21.368Z,legal
U049,F007,interview_20.m4a,audio,49,2026-01-23T00:20:37.420Z,media,legal
U043,F026,screenshot_43.jpg,image,71,2026-03-15T02:17:01.658Z,media,education
U036,F006,clip_25.mov,video,146,2026-02-14T14:54:29.252Z,media,finance
U050,F066,photo_57.jpg,image,68,2025-11-25T06:33:44.453Z,marketing,legal
U004,F050,brochure_5.pdf,pdf,90,2026-01-30T09:30:57.516Z,project
U048,F091,demo_57.mkv,video,66,2026-01-02T23:54:45.336Z,media,engineering
U041,F039,invoice_16.pdf,pdf,18,2026-03-06T00:40:45.098Z,hr,finance
U023,F078,song_56.m4a,audio,70,2025-12-11T04:43:41.606Z,legal
U003,F043,tour_7.mp4,video,88,2025-11-06T17:12:36.976Z,hr
U005,F100,promo_70.mkv,video,36,2026-02-03T22:41:45.536Z,engineering,legal,marketing
U025,F043,logs_64.zip,archive,31,2025-11-13T06:52:31.238Z,engineering
U015,F044,backup_89.gz,archive,171,2026-03-09T09:53:40.049Z,marketing,research
U050,F064,inventory_21.xlsx,spreadsheet,111,2026-01-16T16:14:09.757Z,engineering,project
U030,F066,invoice_25.pdf,pdf,14,2026-03-05T08:59:05.908Z,project
U004,F074,lecture_87.mp3,audio,145,2026-03-13T11:17:02.137Z,legal
U025,F060,lecture_79.mp3,audio,20,2025-11-20T18:38:03.599Z,finance,marketing,engineering
U045,F085,policy_85.pdf,pdf,68,2025-10-27T19:40:37.166Z,legal,hr
U005,F078,sales_82.xlsx,spreadsheet,105,2025-12-27T08:36:09.300Z,hr,legal
U002,F046,release_23.zip,archive,148,2025-11-27T14:32:33.194Z,education
U010,F057,diagram_57.webp,image,96,2026-03-20T17:55:21.919Z,research
U022,F063,policy_67.pdf,pdf,139,2026-01-20T05:10:08.806Z,research,marketing
U036,F057,inventory_57.xlsx,spreadsheet,190,2025-10-08T12:35:35.721Z,legal,education
U015,F092,promo_92.mp4,video,61,2025-10-18T07:12:50.796Z,education,legal
U017,F047,api_89.js,code,85,2025-11-16T10:48:30.207Z,education,marketing
U042,F029,webinar_69.mov,video,77,2026-01-07T16:05:28.269Z,hr
U050,F042,podcast_56.wav,audio,54,2025-12-25T03:36:55.183Z,media
U041,F030,interview_43.mp3,audio,145,2026-01-07T10:57:10.353Z,media,engineering,legal
U008,F013,project_48.gz,archive,60,2025-11-30T12:24:07.072Z,project,engineering
U044,F014,diagram_12.png,image,40,2026-03-11T22:17:09.928Z,engineering
U002,F035,logs_68.zip,archive,9,2026-04-02T02:24:29.568Z,education,engineering
U026,F067,export_57.zip,archive,2,2026-01-25T23:23:48.155Z,hr
U050,F072,tutorial_93.mp4,video,155,2026-02-26T18:36:10.497Z,media,engineering
U008,F029,podcast_8.wav,audio,177,2025-10-27T23:10:03.188Z,education,legal
U046,F003,release_73.gz,archive,189,2025-11-15T23:28:29.807Z,education,hr
U031,F016,meeting_73.wav,audio,184,2026-03-15T23:37:11.535Z,marketing,finance
U045,F005,guide_46.pdf,pdf,68,2026-01-20T19:55:46.787Z,media,hr
U005,F068,demo_31.mkv,video,87,2026-01-22T21:45:35.053Z,education,marketing,finance
U023,F035,logs_7.zip,archive,186,2026-01-16T00:36:57.378Z,project,finance,personal
U038,F036,clip_34.mov,video,107,2026-02-24T22:15:45.405Z,media
U049,F026,tour_85.mkv,video,111,2025-11-29T12:28:20.569Z,education,media,personal
U016,F091,demo_91.mov,video,3,2025-11-21T21:09:25.077Z,media,project
U037,F004,podcast_58.m4a,audio,152,2026-01-26T07:05:05.620Z,media,personal
U024,F018,brochure_36.pdf,pdf,127,2025-10-23T15:53:18.060Z,personal,project
U045,F097,scan_59.png,image,1,2025-11-23T18:09:16.396Z,legal,finance
U031,F092,clip_47.mov,video,28,2026-03-25T06:57:36.344Z,project,legal
U029,F046,release_36.zip,archive,107,2026-02-04T14:27:39.753Z,marketing
U032,F076,policy_71.pdf,pdf,183,2026-04-04T01:38:59.519Z,hr,engineering
U043,F080,scan_92.jpg,image,28,2025-11-29T16:05:57.258Z,hr,research
U041,F098,chart_50.png,image,179,2025-12-04T09:05:29.183Z,engineering,hr
U005,F082,thesis_78.pdf,pdf,119,2026-01-16T13:16:22.499Z,research,marketing
U016,F015,screenshot_9.webp,image,165,2026-01-29T00:01:39.803Z,media,hr,project
U018,F011,logs_37.tar,archive,184,2025-11-17T23:35:32.218Z,project
U034,F050,voicemail_8.mp3,audio,107,2026-03-15T08:19:58.466Z,hr,legal
U019,F027,podcast_47.mp3,audio,107,2026-03-21T13:50:17.551Z,legal,project,media
U009,F043,lecture_86.mp3,audio,154,2025-12-06T02:32:18.400Z,legal,research,marketing
U049,F043,service_94.py,code,181,2025-10-21T07:06:54.299Z,marketing
U017,F086,song_97.m4a,audio,7,2025-12-12T08:51:34.133Z,marketing
U026,F034,config_36.py,code,100,2025-12-09T06:31:31.146Z,personal,research
U009,F093,diagram_93.jpg,image,45,2025-11-17T17:24:16.620Z,hr,media,marketing
U032,F087,data_66.xlsx,spreadsheet,124,2026-04-05T21:52:44.484Z,media,legal
U048,F020,service_65.java,code,80,2025-10-31T12:01:28.458Z,engineering
U014,F067,banner_95.png,image,143,2025-11-06T18:05:04.160Z,legal,media
U050,F017,policy_93.pdf,pdf,131,2026-03-05T12:54:21.409Z,finance
U018,F008,policy_23.pdf,pdf,84,2025-12-17T11:34:13.540Z,media,project
U033,F053,assets_45.zip,archive,197,2026-01-20T05:00:50.864Z,media,education
U010,F079,project_2.gz,archive,119,2025-12-14T18:10:42.145Z,hr,finance,personal
U027,F098,assets_17.gz,archive,94,2025-12-25T12:33:48.714Z,finance,legal,research
U017,F022,clip_46.mp4,video,191,2026-02-18T21:00:26.116Z,marketing
U011,F056,diagram_56.png,image,39,2025-11-30T18:55:15.156Z,finance
U002,F053,assets_83.tar,archive,41,2025-12-28T22:36:54.233Z,media,education
U034,F004,presentation_23.mov,video,160,2026-02-12T16:35:20.893Z,engineering
U014,F062,release_89.tar,archive,145,2026-02-02T17:03:31.739Z,project
U035,F073,demo_94.mov,video,144,2025-12-13T11:50:38.913Z,legal,hr
U021,F081,budget_51.xlsx,spreadsheet,47,2025-12-28T20:33:27.304Z,personal
U032,F036,forecast_81.xlsx,spreadsheet,57,2025-12-08T07:18:18.262Z,research,engineering
U013,F044,interview_92.m4a,audio,41,2025-12-31T04:36:11.442Z,media
U050,F031,utils_55.py,code,117,2026-03-28T20:30:22.675Z,legal,education,media
U040,F057,helper_3.java,code,187,2025-10-22T07:15:00.166Z,education,legal
U027,F085,clip_93.mov,video,196,2026-02-02T18:31:25.147Z,education
U022,F031,tutorial_12.mkv,video,157,2025-12-25T23:16:20.747Z,personal,media
U006,F021,scan_91.webp,image,195,2025-12-26T19:54:28.745Z,marketing,research
U026,F080,main_92.py,code,19,2026-03-06T19:16:40.016Z,personal,research
U011,F004,song_27.mp3,audio,1,2025-12-16T19:11:12.420Z,hr,research,personal
U008,F077,assets_60.zip,archive,184,2025-11-01T03:25:02.759Z,personal,engineering
U005,F076,presentation_99.mp4,video,140,2026-01-29T02:00:39.176Z,marketing,hr
U009,F032,policy_95.pdf,pdf,90,2025-11-16T02:01:42.567Z,project
U043,F012,voicemail_70.mp3,audio,167,2025-11-10T21:21:24.610Z,engineering
U019,F046,lecture_71.m4a,audio,55,2025-11-16T06:54:56.242Z,legal,media
U030,F100,config_48.py,code,92,2025-10-30T09:33:05.341Z,hr,media
U031,F100,podcast_56.mp3,audio,78,2025-11-26T09:14:59.132Z,research,marketing
U012,F068,project_49.gz,archive,38,2025-11-26T16:43:23.320Z,hr,education
U006,F100,thesis_30.pdf,pdf,186,2026-03-30T21:50:57.299Z,research,marketing
U020,F051,release_9.gz,archive,61,2026-02-04T15:30:23.108Z,finance,legal
U008,F002,portrait_80.png,image,51,2026-03-16T06:49:04.295Z,legal,project,research
U005,F011,meeting_38.mp3,audio,117,2025-11-12T13:06:48.352Z,hr
U021,F056,screenshot_92.png,image,100,2026-02-11T10:15:41.543Z,education,hr,legal
U046,F029,presentation_39.mov,video,172,2026-01-21T19:18:42.237Z,media,research
U019,F013,podcast_58.m4a,audio,182,2025-10-10T16:14:36.625Z,hr,education
U022,F082,clip_6.mov,video,34,2025-12-06T03:00:54.332Z,marketing,personal
U005,F082,export_78.tar,archive,13,2026-02-13T01:57:35.961Z,education,personal,legal
U021,F044,interview_38.mp3,audio,85,2025-10-21T04:02:21.454Z,legal,research
U018,F075,chart_27.webp,image,81,2025-10-27T17:50:01.483Z,education,hr
U025,F033,inventory_87.xlsx,spreadsheet,157,2026-03-25T04:15:29.903Z,legal,media
U028,F084,api_24.java,code,123,2025-12-06T15:05:58.583Z,legal
U017,F045,diagram_13.webp,image,78,2026-02-17T19:48:24.602Z,engineering,project,media
U039,F083,guide_51.pdf,pdf,60,2025-12-17T12:10:10.562Z,project
U038,F053,chart_92.webp,image,43,2025-11-30T22:51:59.121Z,hr
U030,F058,service_9.js,code,144,2025-11-21T07:37:52.102Z,hr
U040,F096,main_43.ts,code,123,2025-12-15T10:35:27.477Z,hr,engineering,project
U030,F023,screenshot_2.png,image,185,2025-10-19T08:24:26.821Z,research,personal
U042,F017,inventory_27.xlsx,spreadsheet,197,2026-01-11T13:44:07.340Z,engineering
U043,F031,invoice_91.pdf,pdf,76,2025-11-14T13:08:44.728Z,hr,finance,personal
U042,F040,utils_29.py,code,192,2025-10-21T05:28:15.977Z,legal,project
U041,F078,sales_86.xlsx,spreadsheet,86,2026-03-15T00:49:48.522Z,media
U045,F014,webinar_4.mov,video,103,2026-01-27T02:40:37.323Z,media,legal
U009,F010,logs_84.gz,archive,193,2025-12-17T13:33:32.173Z,marketing,legal
U006,F091,scan_95.webp,image,67,2026-02-09T04:18:27.601Z,engineering
U027,F029,diagram_8.jpg,image,177,2026-03-31T15:42:52.753Z,research
U016,F088,tour_66.mov,video,187,2026-02-19T06:45:31.931Z,engineering,media
U021,F098,portrait_66.webp,image,5,2025-12-17T02:17:23.496Z,finance,engineering,personal
U019,F064,guide_70.pdf,pdf,110,2026-03-20T05:25:55.062Z,engineering
U043,F020,chart_95.jpg,image,83,2025-11-25T22:11:15.339Z,personal,finance
U045,F056,release_62.zip,archive,37,2025-11-19T00:32:19.628Z,marketing
U002,F024,thesis_55.pdf,pdf,76,2026-02-11T22:19:19.479Z,hr,marketing,personal
U018,F030,assets_74.gz,archive,149,2025-10-18T15:03:08.137Z,media,research,finance
U016,F084,service_13.ts,code,23,2026-01-03T15:55:20.708Z,project,marketing
U044,F070,budget_69.xlsx,spreadsheet,86,2025-12-12T07:17:44.181Z,research
U041,F058,logs_19.tar,archive,162,2025-11-18T20:44:42.549Z,media,marketing,personal
U010,F079,backup_96.gz,archive,97,2026-02-06T23:30:06.008Z,education,media,engineering
U022,F088,metrics_64.xlsx,spreadsheet,141,2026-01-29T18:57:20.325Z,project
U030,F046,helper_25.java,code,142,2026-02-07T05:16:18.856Z,personal,education,hr
U040,F069,schema_29.js,code,187,2026-03-24T16:45:06.038Z,media
U045,F063,tracker_52.xlsx,spreadsheet,122,2025-10-15T07:36:52.898Z,marketing
U011,F033,thesis_87.pdf,pdf,145,2026-02-22T18:45:24.789Z,marketing,research
U009,F013,guide_76.pdf,pdf,43,2026-04-02T17:44:16.933Z,marketing
U024,F034,brochure_39.pdf,pdf,94,2025-11-10T12:13:41.096Z,marketing,research,personal
U004,F034,voicemail_58.m4a,audio,90,2025-11-24T10:58:14.613Z,media,project,hr
U007,F074,export_36.tar,archive,4,2026-03-06T15:25:51.842Z,research,media
U037,F092,song_82.wav,audio,119,2026-03-11T01:14:59.766Z,legal,engineering
U001,F097,inventory_99.xlsx,spreadsheet,28,2026-03-05T17:44:26.336Z,legal,research,marketing
U010,F039,payroll_23.xlsx,spreadsheet,56,2025-10-31T08:05:48.126Z,research,finance
U035,F033,diagram_11.png,image,132,2025-11-21T14:45:51.625Z,personal,finance
U045,F057,manual_75.pdf,pdf,143,2025-12-28T06:10:36.467Z,education
U006,F081,policy_58.pdf,pdf,62,2026-02-18T09:23:20.869Z,legal
U047,F017,schema_16.js,code,71,2026-02-28T10:41:57.581Z,media,personal,marketing
U039,F050,api_55.py,code,51,2026-03-31T10:47:49.026Z,engineering
U032,F010,schema_16.py,code,127,2026-03-29T22:18:38.542Z,hr
U013,F083,api_13.js,code,140,2025-12-07T08:17:45.185Z,engineering,project
U041,F097,release_74.zip,archive,196,2025-12-15T12:40:12.002Z,hr,personal,project
U026,F005,tutorial_59.mp4,video,142,2025-12-29T04:11:37.634Z,legal,education
U020,F043,clip_3.mov,video,166,2025-10-11T18:02:27.402Z,legal
U029,F064,sales_55.xlsx,spreadsheet,125,2025-11-16T01:55:07.162Z,research,education
U017,F088,sales_44.xlsx,spreadsheet,6,2025-12-12T18:46:20.077Z,hr,project,personal
U015,F068,summary_33.pdf,pdf,65,2025-10-26T06:53:36.913Z,marketing,education,finance
U047,F073,helper_86.py,code,35,2026-03-06T13:20:40.511Z,personal,hr
U041,F020,scan_2.png,image,162,2026-02-12T03:38:42.972Z,marketing
U037,F091,banner_1.jpg,image,42,2026-03-25T13:19:13.158Z,project,marketing
U010,F073,song_67.mp3,audio,118,2026-02-01T17:53:23.230Z,education,legal,personal
U019,F047,tutorial_31.mp4,video,60,2026-01-08T21:06:48.673Z,research
U017,F011,presentation_52.mkv,video,175,2026-03-11T08:43:57.011Z,education,hr
U010,F025,promo_1.mp4,video,131,2026-03-12T00:04:05.885Z,marketing,media
U039,F024,song_53.m4a,audio,177,2026-02-13T03:10:09.072Z,project,hr
U013,F081,photo_46.jpg,image,173,2026-02-18T12:27:05.943Z,project,research
U050,F030,demo_33.mov,video,8,2025-10-16T02:32:07.262Z,media,legal
U010,F034,promo_69.mov,video,173,2025-10-23T17:58:04.039Z,education
U008,F026,logs_18.zip,archive,159,2026-01-14T23:12:25.619Z,legal
U048,F002,schema_67.java,code,51,2025-12-08T01:23:20.271Z,media
U007,F004,tutorial_39.mp4,video,28,2026-02-11T01:35:55.995Z,research,legal,marketing
U022,F017,schema_31.py,code,186,2026-01-21T13:12:30.746Z,personal,marketing,project
U027,F097,screenshot_77.webp,image,1,2026-01-26T06:46:51.406Z,personal,project
U017,F097,voicemail_18.m4a,audio,181,2026-02-19T16:03:21.157Z,personal,research,marketing
U008,F047,invoice_33.pdf,pdf,25,2025-12-14T05:36:55.071Z,media,education,project
U035,F034,project_26.zip,archive,105,2025-11-06T01:52:56.078Z,hr
U035,F010,interview_57.wav,audio,23,2026-02-18T10:54:00.546Z,engineering,hr,legal
U030,F093,portrait_68.webp,image,163,2025-12-25T05:05:45.079Z,finance
U039,F007,screenshot_62.jpg,image,82,2026-03-06T09:19:12.232Z,media,finance,engineering
U007,F075,lecture_42.wav,audio,117,2026-02-21T15:37:22.836Z,engineering
U014,F037,config_38.java,code,141,2025-10-12T22:16:01.253Z,marketing
U001,F048,presentation_82.mp4,video,127,2026-02-27T00:08:34.458Z,education,finance,engineering
U050,F068,metrics_92.xlsx,spreadsheet,57,2025-10-08T09:57:00.880Z,legal,finance
U045,F082,interview_31.wav,audio,161,2026-03-08T09:10:43.545Z,hr,project
U048,F068,payroll_14.xlsx,spreadsheet,72,2025-11-20T08:40:43.607Z,personal,engineering
U024,F061,logo_16.jpg,image,41,2026-02-05T03:04:04.986Z,finance,project,personal
U041,F002,project_43.gz,archive,53,2025-10-16T09:14:55.828Z,media,finance
U005,F014,utils_10.js,code,189,2026-02-28T08:12:29.245Z,hr
U014,F081,main_51.py,code,190,2026-04-05T10:05:14.042Z,marketing
U037,F023,meeting_29.mp3,audio,113,2026-01-23T22:31:44.545Z,project,research
U015,F034,podcast_8.mp3,audio,56,2026-03-01T20:12:39.944Z,education
U009,F052,summary_1.pdf,pdf,125,2025-12-29T17:24:25.423Z,personal,legal,media
U031,F032,diagram_99.webp,image,79,2025-12-29T21:21:27.177Z,project,legal
U013,F049,data_74.xlsx,spreadsheet,160,2025-11-10T17:03:39.605Z,engineering
U010,F039,report_43.pdf,pdf,145,2025-12-27T12:39:26.805Z,engineering,hr
U022,F055,helper_75.java,code,21,2026-03-21T05:53:35.325Z,marketing,engineering
U049,F014,tracker_17.xlsx,spreadsheet,123,2026-02-03T15:32:40.683Z,hr,finance,marketing
U001,F052,diagram_36.webp,image,160,2026-03-03T00:20:35.326Z,marketing
U020,F062,demo_86.mkv,video,131,2026-01-15T14:09:32.128Z,hr,legal
U029,F096,presentation_97.mp4,video,6,2026-03-31T09:39:50.400Z,research,personal
U024,F002,inventory_87.xlsx,spreadsheet,200,2025-11-29T22:16:14.065Z,education,marketing
U010,F002,thesis_93.pdf,pdf,22,2025-10-13T23:26:42.906Z,hr,project,media
U032,F058,chart_66.png,image,39,2025-12-10T12:37:13.283Z,research,media
U050,F070,schema_49.java,code,131,2025-11-30T01:43:41.396Z,legal,project,finance
U009,F034,project_26.zip,archive,96,2025-11-07T13:33:24.329Z,engineering,personal,education
U050,F071,summary_88.pdf,pdf,30,2025-12-25T23:16:31.916Z,education
U025,F039,schema_22.js,code,10,2025-11-10T10:34:30.342Z,media,finance,engineering
U031,F034,tests_24.ts,code,44,2026-01-26T16:59:47.335Z,legal,personal
U046,F066,sales_77.xlsx,spreadsheet,25,2025-12-27T20:24:31.095Z,project
U022,F026,song_8.wav,audio,96,2026-02-12T04:46:46.968Z,finance
U005,F079,webinar_48.mkv,video,63,2025-12-05T02:52:59.260Z,research,education
U039,F066,export_91.zip,archive,81,2025-10-09T13:20:36.294Z,engineering
U050,F072,webinar_72.mkv,video,183,2026-04-05T17:09:13.628Z,marketing
U021,F080,policy_66.pdf,pdf,154,2025-12-09T09:59:12.075Z,media,legal,education
U023,F031,invoice_59.pdf,pdf,10,2026-02-06T21:11:05.576Z,engineering,marketing,personal
U012,F008,meeting_72.m4a,audio,167,2025-12-25T23:49:37.782Z,hr,finance,legal
U009,F026,brochure_76.pdf,pdf,1,2025-11-27T22:32:34.164Z,engineering
U032,F087,service_75.ts,code,102,2025-12-15T09:39:04.135Z,media,research
U043,F078,photo_19.png,image,91,2026-03-31T12:06:13.284Z,personal,hr
U001,F021,forecast_12.xlsx,spreadsheet,135,2026-03-25T00:00:04.543Z,research,marketing
U019,F025,tour_34.mkv,video,168,2025-10-15T21:51:29.220Z,research,engineering,finance
U020,F030,voicemail_73.wav,audio,14,2026-03-22T14:02:06.412Z,marketing,hr
U049,F030,portrait_32.png,image,140,2026-01-17T11:36:40.084Z,finance
U014,F080,interview_32.mp3,audio,13,2026-01-18T01:46:34.256Z,project
U041,F040,voicemail_72.wav,audio,46,2025-11-20T10:33:47.116Z,engineering
U038,F042,scan_99.webp,image,22,2025-11-29T20:45:26.584Z,education,media
U030,F004,podcast_74.mp3,audio,118,2025-12-06T00:03:41.830Z,media,education
U044,F096,song_99.mp3,audio,153,2025-12-16T03:00:28.786Z,project
U043,F100,logo_3.jpg,image,61,2026-02-12T01:41:03.676Z,hr,project
U045,F056,diagram_43.png,image,186,2026-02-11T12:47:43.213Z,research
U043,F053,webinar_56.mkv,video,80,2026-01-18T23:09:24.514Z,education,legal,project
U047,F059,demo_90.mp4,video,133,2025-11-29T11:39:34.656Z,personal
U005,F022,logo_95.png,image,154,2026-02-27T04:31:56.471Z,finance
U025,F039,meeting_83.m4a,audio,166,2025-12-16T23:25:32.079Z,personal,finance
U031,F048,banner_33.png,image,90,2025-12-30T05:25:10.515Z,finance,personal
U001,F023,promo_35.mkv,video,71,2025-12-20T00:21:15.001Z,education
U040,F100,interview_94.mp3,audio,183,2026-02-15T09:50:38.793Z,project
U048,F087,logs_70.gz,archive,29,2025-11-08T04:57:55.472Z,media
U004,F019,tutorial_38.mov,video,107,2026-03-29T08:23:46.874Z,education,marketing
U020,F079,podcast_33.mp3,audio,150,2025-11-26T09:36:36.909Z,media
U038,F076,promo_61.mkv,video,113,2026-03-12T14:15:11.767Z,education,finance,project
U033,F019,interview_7.m4a,audio,87,2025-12-29T09:09:50.687Z,hr,finance
U044,F079,brochure_80.pdf,pdf,54,2025-11-16T07:41:15.426Z,legal,project
U045,F024,project_23.gz,archive,164,2026-03-24T01:47:55.908Z,education,research,hr
U029,F027,schema_6.java,code,65,2025-11-19T20:05:53.167Z,marketing
U021,F083,interview_29.mp3,audio,197,2026-01-03T22:55:45.157Z,personal,project,marketing
U011,F056,helper_56.ts,code,131,2025-11-29T19:13:16.145Z,hr,legal,finance
U004,F063,lecture_46.wav,audio,16,2025-12-09T16:46:15.533Z,media,marketing
U005,F005,screenshot_82.webp,image,41,2026-03-22T19:06:30.799Z,education,legal,research
U006,F094,brochure_46.pdf,pdf,118,2025-11-04T14:44:27.954Z,finance
U020,F083,tests_59.py,code,18,2025-11-28T10:09:21.355Z,engineering
U012,F083,banner_34.png,image,154,2026-01-26T21:18:02.339Z,education
U037,F014,helper_21.py,code,104,2026-02-06T19:27:31.032Z,media,finance
U045,F065,api_5.java,code,12,2025-12-31T16:44:08.206Z,finance,engineering
U035,F041,release_18.tar,archive,41,2025-10-19T16:22:47.418Z,media,engineering
U048,F089,schema_32.java,code,51,2025-12-22T13:24:50.678Z,marketing
U029,F090,invoice_42.pdf,pdf,191,2025-11-19T10:13:58.371Z,legal
U027,F069,api_46.ts,code,144,2025-11-07T08:51:25.434Z,media,personal,education
U050,F091,podcast_24.mp3,audio,61,2025-12-20T13:26:14.085Z,legal
U044,F022,sales_14.xlsx,spreadsheet,194,2026-02-24T14:20:33.430Z,finance,research,personal
U037,F098,data_65.xlsx,spreadsheet,157,2026-01-19T05:33:19.402Z,personal
U037,F016,utils_57.ts,code,147,2026-02-22T20:32:05.754Z,personal,hr
U014,F024,project_92.tar,archive,41,2026-03-30T21:31:20.646Z,research
U045,F030,metrics_18.xlsx,spreadsheet,25,2025-10-19T08:23:50.011Z,legal,finance
U002,F061,payroll_22.xlsx,spreadsheet,163,2025-12-30T22:53:56.463Z,marketing,personal,media
U039,F014,portrait_49.jpg,image,21,2025-12-20T08:02:58.419Z,research
U033,F054,chart_11.png,image,101,2025-12-17T18:48:45.206Z,education,marketing,research
U032,F071,recording_74.mov,video,193,2025-11-11T17:15:15.216Z,hr,personal
U017,F074,voicemail_55.mp3,audio,21,2025-11-28T13:46:05.084Z,media,research
U010,F078,interview_5.mp3,audio,39,2026-03-12T23:42:26.275Z,research
U033,F050,portrait_55.webp,image,126,2025-11-14T20:21:09.707Z,marketing,education,legal
U002,F046,forecast_68.xlsx,spreadsheet,26,2026-02-15T03:28:44.875Z,research
U018,F035,song_17.wav,audio,57,2025-11-06T12:07:01.529Z,education,hr
U020,F085,chart_32.png,image,152,2025-10-09T11:44:45.914Z,finance,personal,research
U007,F030,release_26.zip,archive,107,2026-04-01T11:20:57.424Z,engineering,media
U046,F012,payroll_50.xlsx,spreadsheet,180,2025-10-31T15:14:25.255Z,legal,education
U023,F038,forecast_47.xlsx,spreadsheet,197,2025-12-29T12:48:56.668Z,hr
U019,F033,sales_36.xlsx,spreadsheet,135,2025-10-26T14:44:08.663Z,media
U018,F032,diagram_52.webp,image,70,2026-03-03T08:01:19.275Z,education
U045,F077,guide_56.pdf,pdf,19,2026-04-04T20:58:44.002Z,finance
U029,F072,demo_33.mkv,video,23,2025-10-25T22:34:28.207Z,legal,education
U006,F039,demo_72.mp4,video,142,2026-01-20T03:01:42.669Z,legal
U011,F016,manual_8.pdf,pdf,196,2025-12-10T08:47:33.732Z,engineering,project,personal
U026,F002,utils_63.py,code,171,2025-12-06T06:55:01.867Z,finance,research,engineering
U050,F042,guide_26.pdf,pdf,173,2025-11-02T08:10:37.718Z,research,finance
U035,F036,release_20.gz,archive,110,2026-01-06T12:42:53.331Z,legal
U009,F058,voicemail_27.mp3,audio,194,2025-11-01T23:40:26.935Z,finance
U006,F024,budget_27.xlsx,spreadsheet,118,2025-10-12T05:01:08.060Z,engineering,marketing
U049,F098,payroll_75.xlsx,spreadsheet,91,2025-12-14T06:37:45.149Z,finance,education
U007,F034,data_97.xlsx,spreadsheet,57,2026-01-05T15:08:56.808Z,media,marketing,hr
U001,F084,export_61.tar,archive,91,2025-10-27T03:02:57.207Z,project,finance
U005,F002,invoice_68.pdf,pdf,199,2026-02-21T00:50:13.350Z,legal,media
U034,F006,invoice_32.pdf,pdf,118,2026-03-09T17:58:12.243Z,hr,personal
U010,F018,meeting_31.m4a,audio,123,2025-11-04T19:29:00.129Z,marketing,hr
U022,F013,tests_6.ts,code,107,2025-12-06T20:46:51.572Z,finance,education,marketing
U048,F038,photo_80.png,image,49,2026-02-27T09:11:13.732Z,hr,marketing,media
U030,F017,helper_51.py,code,190,2026-01-29T05:08:53.985Z,finance,research,hr
U038,F024,promo_42.mov,video,40,2025-12-27T18:58:37.514Z,education,finance
U022,F005,meeting_44.mp3,audio,88,2025-12-25T12:45:56.429Z,education,finance
U035,F049,banner_23.webp,image,108,2026-02-27T16:58:21.496Z,marketing,engineering,education
U049,F032,inventory_85.xlsx,spreadsheet,104,2026-01-11T07:08:33.488Z,education
U018,F009,service_1.java,code,110,2025-11-18T14:32:34.011Z,marketing,engineering
U048,F055,lecture_54.mp3,audio,35,2026-02-01T14:10:32.447Z,personal,media,engineering
U017,F052,service_80.py,code,145,2025-12-25T08:31:00.804Z,personal,engineering
U026,F037,interview_42.mp3,audio,98,2025-12-26T15:31:09.264Z,education,personal
U041,F014,metrics_93.xlsx,spreadsheet,102,2026-01-13T08:08:18.858Z,finance
U024,F064,logs_94.gz,archive,114,2026-03-10T19:05:33.497Z,legal
U041,F096,song_8.wav,audio,7,2026-03-29T15:22:43.833Z,project,finance,engineering
U028,F051,api_53.ts,code,170,2025-11-07T20:03:21.902Z,finance,engineering,hr
U007,F042,report_52.pdf,pdf,149,2026-01-10T02:12:25.560Z,legal,marketing,engineering
U017,F019,budget_68.xlsx,spreadsheet,94,2025-10-15T22:01:34.248Z,marketing,engineering,education
U023,F021,demo_1.mp4,video,6,2026-01-06T07:40:15.338Z,education
U007,F096,tutorial_66.mov,video,195,2026-01-09T12:43:55.632Z,education
U050,F034,inventory_22.xlsx,spreadsheet,102,2026-02-17T21:50:06.397Z,marketing
U035,F046,payroll_91.xlsx,spreadsheet,50,2026-01-03T08:20:45.856Z,hr
U019,F035,tour_86.mkv,video,101,2026-01-29T22:22:32.215Z,research,engineering
U018,F044,chart_86.png,image,51,2026-03-09T00:58:09.613Z,finance,media,legal
U025,F020,config_75.java,code,48,2025-12-08T23:06:53.825Z,media,legal,finance
U018,F098,recording_77.mkv,video,125,2025-11-19T09:13:40.480Z,project
U030,F037,presentation_82.mp4,video,105,2026-01-04T16:40:20.806Z,education,research
U038,F075,manual_28.pdf,pdf,113,2026-01-01T18:50:13.774Z,finance,personal
U024,F036,promo_58.mp4,video,147,2025-12-19T23:47:54.220Z,research,education
U047,F087,scan_14.jpg,image,145,2025-12-08T07:37:38.573Z,research,finance,legal
U045,F056,song_68.m4a,audio,81,2026-02-13T12:13:35.067Z,education,marketing
U013,F089,project_22.gz,archive,171,2025-12-25T19:02:17.860Z,personal,project
U040,F038,inventory_92.xlsx,spreadsheet,122,2025-12-09T08:17:59.759Z,education,hr,personal
U046,F022,recording_40.mov,video,134,2025-10-29T11:59:37.334Z,research,education
U025,F080,release_47.tar,archive,124,2026-02-22T01:23:28.139Z,personal,finance,hr
U009,F012,logs_90.gz,archive,190,2026-03-15T17:51:07.781Z,project,hr
U008,F002,invoice_39.pdf,pdf,161,2025-11-10T14:09:05.548Z,marketing,hr
U012,F012,interview_69.mp3,audio,140,2026-02-10T15:25:42.220Z,engineering
U010,F026,project_27.zip,archive,8,2026-02-01T02:12:59.997Z,project,media,research
U047,F033,clip_25.mov,video,94,2026-02-24T11:28:55.678Z,media
U018,F033,utils_86.py,code,11,2025-10-12T09:59:10.578Z,research,finance
U021,F057,helper_84.py,code,160,2025-12-27T11:29:34.528Z,education,research
U023,F041,tutorial_19.mov,video,45,2026-01-24T00:15:16.793Z,hr
U002,F006,budget_60.xlsx,spreadsheet,101,2025-10-27T17:04:32.854Z,marketing,finance,research
U004,F091,logs_56.tar,archive,168,2026-02-17T07:52:27.501Z,engineering,marketing
U030,F021,lecture_42.wav,audio,110,2026-01-07T23:09:20.588Z,engineering,project,media
U030,F001,meeting_57.wav,audio,30,2026-02-04T04:59:03.693Z,engineering,legal,personal
U023,F079,tests_82.java,code,21,2026-04-01T16:06:47.229Z,research
U009,F095,recording_54.mov,video,120,2026-02-18T13:35:00.327Z,hr,research,media
U017,F034,voicemail_99.mp3,audio,47,2025-10-17T14:16:06.916Z,personal
U018,F041,data_20.xlsx,spreadsheet,85,2026-02-21T12:46:34.185Z,research,engineering
U006,F064,webinar_41.mp4,video,158,2025-11-29T06:55:52.605Z,hr
U015,F088,meeting_29.mp3,audio,93,2026-02-10T23:48:28.836Z,project,personal
U031,F094,metrics_3.xlsx,spreadsheet,104,2025-11-17T01:44:48.440Z,hr,marketing,education
U002,F001,payroll_77.xlsx,spreadsheet,132,2026-03-31T20:02:29.492Z,media
U023,F038,screenshot_42.png,image,152,2026-03-12T01:01:43.212Z,legal,education,personal
U046,F077,assets_24.tar,archive,144,2026-02-28T14:11:50.884Z,hr,project,marketing
U029,F048,voicemail_68.mp3,audio,100,2026-03-04T04:02:40.276Z,hr,finance,personal
U003,F046,report_87.pdf,pdf,47,2025-11-26T06:23:35.163Z,research,project,hr
U018,F007,invoice_89.pdf,pdf,31,2026-01-10T10:27:24.941Z,research,engineering
U041,F060,voicemail_81.mp3,audio,22,2025-11-25T03:10:52.785Z,marketing
U038,F040,release_30.gz,archive,135,2026-02-11T11:58:59.860Z,engineering,media,education
U032,F040,interview_90.m4a,audio,77,2026-03-07T14:17:56.346Z,marketing,legal
U013,F029,scan_53.webp,image,6,2026-02-13T11:48:48.886Z,hr,personal,research
U030,F094,meeting_70.wav,audio,195,2025-10-15T23:05:29.126Z,legal,marketing
U011,F045,data_24.xlsx,spreadsheet,147,2025-12-04T15:16:46.610Z,finance,legal
U036,F002,logo_34.jpg,image,5,2025-10-18T00:38:34.013Z,legal
U046,F042,service_7.java,code,116,2026-02-13T21:44:49.148Z,education,marketing
U020,F014,payroll_2.xlsx,spreadsheet,4,2026-01-28T13:56:11.787Z,finance,hr,engineering
U015,F050,assets_69.zip,archive,135,2026-04-02T13:12:44.063Z,finance,media
U027,F079,invoice_85.pdf,pdf,166,2026-01-04T19:10:09.781Z,finance,media
U021,F050,payroll_94.xlsx,spreadsheet,25,2025-11-23T04:28:24.568Z,project,research,hr
U027,F069,logs_54.gz,archive,73,2026-01-17T14:48:49.419Z,education
U041,F029,brochure_76.pdf,pdf,187,2026-03-22T21:25:48.068Z,research
U039,F084,banner_20.webp,image,90,2025-11-24T22:31:32.731Z,finance,marketing
U016,F058,invoice_15.pdf,pdf,184,2026-02-28T11:18:01.231Z,education,media
U018,F090,logo_88.jpg,image,70,2025-12-06T07:25:42.798Z,hr,engineering
U019,F056,invoice_92.pdf,pdf,174,2026-02-03T05:35:06.148Z,legal,media
U042,F016,summary_12.pdf,pdf,2,2026-01-04T21:21:57.206Z,project,research,marketing
U012,F041,payroll_95.xlsx,spreadsheet,64,2026-01-28T19:25:13.209Z,research
U039,F074,report_96.pdf,pdf,96,2026-03-02T02:14:57.765Z,personal,project
U030,F055,api_58.py,code,144,2026-02-10T13:59:15.713Z,finance,personal,marketing
U037,F040,metrics_15.xlsx,spreadsheet,34,2025-10-31T11:27:58.623Z,personal,media
U049,F033,thesis_6.pdf,pdf,18,2026-01-06T05:37:25.100Z,legal
U032,F001,assets_43.zip,archive,9,2026-04-02T07:17:10.798Z,legal
U004,F022,service_39.ts,code,75,2026-03-09T05:53:47.169Z,engineering
U030,F054,interview_82.mp3,audio,81,2026-03-16T02:08:44.255Z,hr
U021,F027,tour_30.mov,video,152,2025-11-15T11:38:59.278Z,education,legal
U043,F096,main_44.java,code,67,2025-12-08T13:12:21.551Z,finance
U037,F036,main_50.js,code,50,2026-01-30T15:56:26.856Z,marketing,research
U013,F075,release_59.zip,archive,95,2026-03-13T18:51:42.246Z,research,education,engineering
U020,F057,meeting_14.mp3,audio,111,2026-03-14T17:41:55.872Z,legal,research
U003,F058,utils_81.java,code,95,2025-11-05T12:27:51.573Z,media
U044,F100,release_30.zip,archive,10,2026-01-10T13:37:08.893Z,marketing
U049,F090,promo_22.mov,video,16,2025-11-04T11:18:52.256Z,engineering,hr,education
U012,F070,metrics_4.xlsx,spreadsheet,174,2025-10-22T02:56:11.250Z,project
U049,F003,api_39.py,code,147,2026-02-09T19:34:09.434Z,personal,project
U029,F042,voicemail_82.mp3,audio,83,2025-10-20T11:26:13.079Z,hr,project
U031,F061,song_14.mp3,audio,61,2026-04-01T15:15:58.936Z,project,marketing
U029,F029,data_84.xlsx,spreadsheet,190,2025-10-31T00:46:54.878Z,finance,personal,research
U001,F066,photo_36.png,image,90,2026-02-28T17:29:08.169Z,legal,marketing
U012,F071,payroll_22.xlsx,spreadsheet,137,2025-10-23T04:37:24.901Z,marketing,legal,project
U011,F034,brochure_7.pdf,pdf,93,2026-03-26T13:42:57.063Z,personal
U035,F008,guide_1.pdf,pdf,175,2026-03-05T00:05:24.486Z,engineering,education
U041,F100,payroll_39.xlsx,spreadsheet,40,2026-01-31T15:04:23.840Z,personal,project
U047,F097,release_35.zip,archive,19,2025-10-24T22:40:58.361Z,education,media
U026,F086,service_9.py,code,23,2025-11-06T04:43:26.610Z,media
U008,F075,inventory_58.xlsx,spreadsheet,69,2025-11-20T04:40:29.788Z,engineering,personal
U036,F027,chart_38.webp,image,196,2026-02-13T23:41:37.112Z,personal,finance,education
U024,F036,config_2.java,code,96,2026-02-11T18:26:04.804Z,finance
U044,F017,webinar_27.mov,video,197,2026-01-10T04:56:47.928Z,engineering,personal,finance
U046,F076,summary_61.pdf,pdf,165,2026-03-30T06:32:00.358Z,hr
U038,F023,invoice_77.pdf,pdf,191,2026-02-24T05:18:19.970Z,engineering
U039,F051,song_29.m4a,audio,13,2026-02-04T05:48:36.920Z,legal
U028,F031,promo_35.mkv,video,75,2026-01-29T17:53:10.591Z,finance,media
U032,F027,export_71.zip,archive,136,2025-12-13T17:24:40.432Z,education
U047,F099,portrait_46.jpg,image,199,2025-11-02T00:56:46.924Z,finance,marketing
U007,F033,report_54.pdf,pdf,60,2026-02-16T21:45:42.451Z,personal,engineering,education
U020,F065,forecast_54.xlsx,spreadsheet,51,2025-12-02T17:27:45.407Z,hr,finance
U008,F034,tour_28.mov,video,91,2026-03-24T13:10:12.521Z,engineering
U030,F076,diagram_22.webp,image,129,2026-02-25T02:48:20.076Z,hr
U049,F041,assets_65.gz,archive,22,2026-01-04T19:50:11.798Z,research,finance
U023,F077,project_91.gz,archive,190,2025-10-11T07:52:41.988Z,research,finance,hr
U025,F053,payroll_59.xlsx,spreadsheet,12,2025-11-20T11:13:44.697Z,personal,marketing
U028,F075,podcast_15.m4a,audio,55,2026-02-02T23:35:58.421Z,engineering,research
U045,F001,meeting_56.wav,audio,158,2025-12-16T03:35:58.490Z,hr,research
U010,F001,diagram_18.jpg,image,65,2026-03-20T04:02:53.408Z,research,marketing,personal
U017,F060,main_42.java,code,75,2026-02-13T17:14:10.760Z,research,education
U029,F019,promo_90.mp4,video,161,2026-03-13T08:56:20.639Z,legal,personal
U024,F100,demo_61.mkv,video,76,2025-12-08T18:38:58.673Z,personal
U019,F026,export_5.zip,archive,153,2026-01-09T10:22:44.495Z,engineering
U022,F088,lecture_27.m4a,audio,92,2025-12-07T04:13:37.937Z,marketing,project,personal
U043,F022,thesis_25.pdf,pdf,88,2025-11-08T03:20:31.255Z,education
U049,F034,data_49.xlsx,spreadsheet,18,2026-02-06T21:16:12.663Z,hr,engineering
U029,F020,song_90.mp3,audio,9,2025-11-15T10:05:53.829Z,marketing,media
U024,F032,release_74.tar,archive,68,2026-03-12T16:43:30.494Z,engineering,education
U011,F052,tutorial_58.mkv,video,104,2025-11-01T01:25:20.343Z,education,finance
U020,F050,main_28.ts,code,103,2026-02-21T22:24:34.481Z,research,marketing
U044,F013,chart_92.webp,image,173,2026-03-12T05:49:27.951Z,hr
U030,F019,presentation_75.mkv,video,17,2025-12-02T14:48:14.436Z,finance
U036,F057,api_2.js,code,85,2026-02-01T03:55:00.935Z,project
U018,F072,config_63.java,code,65,2026-03-29T08:22:07.681Z,education,engineering,project
U021,F013,forecast_26.xlsx,spreadsheet,134,2026-02-27T21:53:19.649Z,personal
U035,F067,manual_59.pdf,pdf,6,2026-03-22T05:56:54.851Z,legal
U050,F024,voicemail_25.m4a,audio,13,2026-01-22T02:40:58.217Z,education,project,media
U049,F013,api_58.java,code,197,2025-12-12T13:46:19.267Z,marketing,media
U033,F017,metrics_16.xlsx,spreadsheet,136,2025-12-23T18:43:17.470Z,engineering,media,research
U025,F041,data_20.xlsx,spreadsheet,36,2026-02-22T23:32:09.490Z,project,hr
U037,F065,config_83.java,code,14,2025-11-14T23:30:56.360Z,media,finance
U043,F066,export_51.tar,archive,23,2025-12-23T06:50:22.972Z,education,marketing,legal
U035,F018,screenshot_6.png,image,17,2026-01-06T13:23:10.518Z,finance,engineering
U011,F027,tutorial_93.mov,video,85,2026-01-16T18:45:57.919Z,finance
U009,F076,release_47.zip,archive,40,2026-01-14T10:41:31.482Z,marketing
U011,F045,forecast_34.xlsx,spreadsheet,26,2026-02-14T12:18:28.910Z,marketing
U022,F037,api_49.js,code,186,2025-11-14T21:45:55.203Z,marketing,finance
U010,F087,webinar_11.mkv,video,140,2025-10-15T17:43:46.320Z,finance,engineering
U028,F009,webinar_40.mp4,video,191,2026-03-07T09:19:45.485Z,finance,hr,personal
U041,F062,sales_59.xlsx,spreadsheet,198,2026-03-21T08:07:06.608Z,hr,education
U023,F099,guide_90.pdf,pdf,104,2026-03-30T00:33:39.821Z,research,project,engineering
U035,F034,manual_96.pdf,pdf,87,2025-11-21T13:55:31.037Z,hr,project
U008,F078,policy_82.pdf,pdf,47,2026-03-07T12:29:19.474Z,marketing
U002,F052,clip_76.mp4,video,133,2026-03-27T21:46:50.157Z,engineering,research,education
U006,F067,presentation_94.mp4,video,55,2025-12-31T13:34:00.805Z,research
U008,F022,utils_64.ts,code,90,2025-11-07T13:16:02.579Z,education,marketing,personal
U029,F079,clip_80.mp4,video,110,2026-01-26T02:37:38.203Z,finance,hr,research
U002,F024,backup_31.tar,archive,177,2025-10-28T18:21:24.590Z,hr,education,personal
U014,F086,release_51.zip,archive,105,2026-03-08T18:31:31.843Z,legal
U015,F096,metrics_20.xlsx,spreadsheet,90,2025-10-16T19:35:32.329Z,legal,project
U017,F075,podcast_32.mp3,audio,119,2026-03-21T04:45:53.527Z,hr
U038,F057,portrait_69.jpg,image,184,2026-01-08T22:35:40.303Z,media,marketing
U010,F008,thesis_50.pdf,pdf,183,2025-10-25T08:25:54.102Z,personal
U021,F068,thesis_44.pdf,pdf,2,2025-10-11T07:31:32.379Z,research,education
U001,F034,banner_35.jpg,image,197,2026-02-03T02:26:52.904Z,project,engineering
U004,F018,export_50.gz,archive,42,2025-11-25T16:50:35.753Z,research,project
U003,F037,report_55.pdf,pdf,129,2026-02-11T14:38:06.356Z,media
U041,F064,promo_8.mp4,video,185,2026-01-15T05:23:27.788Z,media,project
U045,F035,interview_52.mp3,audio,34,2025-12-22T13:35:52.698Z,research,finance
U011,F083,api_13.java,code,90,2026-03-12T03:55:34.848Z,engineering,personal,media
U027,F030,payroll_37.xlsx,spreadsheet,135,2025-12-06T20:56:30.283Z,education,personal,engineering
U017,F030,promo_54.mp4,video,132,2026-01-26T11:39:46.315Z,hr,legal
U001,F028,utils_40.ts,code,88,2025-10-29T01:20:14.691Z,hr
U035,F038,webinar_62.mp4,video,35,2026-04-04T14:16:51.670Z,project,finance,research
U007,F049,logs_33.tar,archive,7,2026-03-23T17:15:01.012Z,finance,personal
U047,F005,report_6.pdf,pdf,173,2026-02-04T02:34:03.988Z,project,research
U037,F056,helper_61.ts,code,106,2026-01-10T16:59:52.481Z,project,hr,personal
U009,F069,presentation_47.mp4,video,37,2025-11-29T09:45:51.061Z,media,research
U046,F076,forecast_19.xlsx,spreadsheet,144,2026-03-19T08:33:57.511Z,hr,personal
U012,F034,assets_88.gz,archive,195,2025-11-24T10:03:30.957Z,education
U015,F010,assets_15.zip,archive,22,2025-12-13T00:05:54.517Z,project,engineering
U009,F002,tracker_25.xlsx,spreadsheet,151,2025-11-26T17:05:12.507Z,engineering,marketing
U046,F060,tracker_84.xlsx,spreadsheet,188,2026-03-22T22:01:48.745Z,legal,personal,engineering
U009,F092,assets_73.gz,archive,22,2026-02-09T09:34:11.422Z,project
U001,F085,policy_50.pdf,pdf,22,2026-02-04T14:40:15.912Z,finance,research
U004,F008,backup_58.gz,archive,92,2025-10-23T23:42:47.550Z,engineering
U049,F042,release_83.zip,archive,198,2026-02-20T04:19:02.813Z,project
U045,F074,data_92.xlsx,spreadsheet,186,2025-11-24T03:06:50.359Z,project,media
U025,F001,invoice_66.pdf,pdf,90,2026-01-29T09:01:16.515Z,hr,research
U015,F042,webinar_46.mkv,video,182,2026-03-15T14:09:49.410Z,project,research,personal
U033,F074,lecture_13.mp3,audio,133,2026-02-06T15:21:08.630Z,engineering
U046,F014,chart_20.jpg,image,28,2025-12-05T21:29:39.331Z,legal
U044,F099,utils_86.js,code,59,2026-02-10T18:49:19.741Z,engineering,research
U002,F018,sales_25.xlsx,spreadsheet,131,2025-12-06T07:10:07.039Z,media
U041,F065,brochure_60.pdf,pdf,92,2025-10-31T23:47:49.044Z,personal,project
U017,F061,song_35.m4a,audio,42,2026-02-15T00:31:23.471Z,engineering
U040,F024,api_72.java,code,104,2026-02-27T18:53:53.017Z,finance,project,media
U041,F007,scan_1.jpg,image,181,2026-03-09T12:56:37.534Z,research,engineering
U035,F023,report_15.pdf,pdf,2,2025-10-28T21:44:35.594Z,hr
U043,F013,interview_39.mp3,audio,32,2025-12-06T20:31:17.841Z,education,project,marketing
U009,F052,tests_47.py,code,104,2025-10-27T17:33:27.142Z,personal,project
U038,F055,manual_81.pdf,pdf,127,2026-02-28T02:56:29.858Z,marketing
U032,F042,webinar_24.mp4,video,186,2025-12-28T14:18:25.111Z,legal
U019,F001,api_60.java,code,36,2026-03-20T17:20:50.255Z,media,engineering,education
U050,F067,summary_6.pdf,pdf,3,2025-11-13T15:09:04.008Z,hr
U028,F012,thesis_64.pdf,pdf,11,2025-11-22T12:13:49.306Z,education
U040,F033,diagram_56.png,image,168,2025-12-09T05:53:09.853Z,marketing,education
U011,F041,meeting_92.wav,audio,33,2025-11-23T03:17:33.021Z,finance,media,hr
U010,F006,portrait_85.webp,image,36,2025-11-23T09:54:02.788Z,hr,legal
U013,F010,chart_91.jpg,image,194,2025-12-28T17:10:41.490Z,marketing,education
U047,F055,interview_10.mp3,audio,198,2025-11-13T20:19:39.443Z,media,personal
U034,F035,schema_71.py,code,155,2025-10-19T11:29:22.096Z,legal,personal
U010,F037,invoice_90.pdf,pdf,99,2026-02-05T11:26:26.908Z,personal,media,education
U012,F017,export_74.gz,archive,1,2026-01-03T11:04:07.685Z,project,legal
U014,F073,metrics_8.xlsx,spreadsheet,53,2026-03-02T08:52:42.082Z,marketing,project
U032,F064,song_50.wav,audio,102,2025-12-11T16:53:32.328Z,media,marketing,finance
U024,F023,meeting_79.wav,audio,101,2025-11-20T20:10:08.655Z,media,marketing
U039,F100,summary_36.pdf,pdf,126,2025-12-02T05:31:37.780Z,project,legal,hr
U033,F020,data_65.xlsx,spreadsheet,35,2026-03-14T16:25:12.592Z,project,finance
U016,F024,utils_62.ts,code,12,2026-01-08T16:16:47.483Z,project
U033,F034,forecast_35.xlsx,spreadsheet,57,2025-10-13T23:15:10.652Z,personal,finance,legal
U045,F073,utils_54.js,code,74,2025-12-03T01:41:02.406Z,finance,media,research
U020,F032,config_40.java,code,95,2026-01-10T21:19:21.006Z,research
U043,F089,chart_58.png,image,146,2025-10-14T16:57:12.324Z,research,legal,finance
U039,F009,release_72.zip,archive,145,2025-10-24T21:39:44.406Z,personal,finance
U006,F091,logo_69.jpg,image,62,2026-03-28T17:24:11.271Z,finance,legal,engineering
U017,F073,export_72.tar,archive,7,2026-03-16T13:43:55.461Z,personal,project
U026,F057,song_99.mp3,audio,167,2026-02-17T04:51:39.793Z,engineering,research
U006,F090,budget_52.xlsx,spreadsheet,129,2025-10-14T06:30:19.249Z,personal,marketing
U036,F029,banner_89.webp,image,9,2025-11-15T07:00:14.006Z,legal,personal,research
U006,F072,interview_89.mp3,audio,157,2026-03-15T11:31:55.793Z,personal,project
U028,F002,release_84.gz,archive,76,2026-02-02T08:43:54.331Z,research,project
U021,F043,voicemail_57.wav,audio,100,2026-02-27T11:31:15.033Z,education,marketing
U010,F053,banner_60.jpg,image,20,2025-11-25T15:45:15.108Z,hr,personal,engineering
U027,F024,service_77.py,code,104,2026-02-28T20:26:17.346Z,project,engineering
U017,F059,service_1.py,code,133,2026-01-27T22:34:27.413Z,hr,media,marketing
U022,F041,brochure_15.pdf,pdf,109,2025-11-26T13:12:45.315Z,finance
U035,F021,screenshot_41.webp,image,175,2025-10-18T22:02:48.177Z,marketing
U031,F044,tour_12.mp4,video,197,2025-10-24T04:43:24.167Z,hr
U015,F005,diagram_8.png,image,47,2026-04-01T20:42:09.196Z,project,marketing,engineering
U038,F006,tests_13.ts,code,50,2025-12-10T14:43:45.306Z,legal,finance,marketing
U006,F048,helper_16.java,code,3,2026-01-27T05:05:38.654Z,hr
U049,F098,manual_95.pdf,pdf,51,2025-12-16T13:31:59.280Z,hr,personal
U010,F057,promo_73.mkv,video,150,2025-12-31T20:37:15.573Z,finance,marketing
U022,F095,thesis_46.pdf,pdf,130,2026-03-06T13:31:34.856Z,project,engineering
U004,F083,logo_42.webp,image,78,2026-01-25T18:05:19.829Z,personal,research
U016,F013,tutorial_29.mp4,video,171,2026-01-10T12:45:35.724Z,legal
U007,F073,config_80.js,code,152,2025-12-04T03:21:28.447Z,engineering,personal,media
U050,F014,manual_87.pdf,pdf,122,2025-11-12T01:15:31.665Z,education
U019,F058,diagram_38.jpg,image,72,2026-02-23T01:21:53.905Z,project
U044,F052,budget_43.xlsx,spreadsheet,148,2026-03-03T22:50:37.148Z,project,personal,marketing
U034,F042,diagram_30.webp,image,193,2025-11-09T03:25:41.230Z,project,education
U025,F077,clip_25.mkv,video,29,2025-11-11T19:48:37.047Z,personal
U007,F020,api_85.ts,code,159,2025-11-21T16:04:15.286Z,research,legal
U019,F033,release_25.zip,archive,150,2026-01-18T00:46:45.103Z,marketing,legal
U005,F042,schema_88.js,code,197,2026-02-27T03:08:58.791Z,project,hr,engineering
U014,F052,brochure_18.pdf,pdf,90,2025-12-15T17:48:25.057Z,education
U020,F005,tests_27.py,code,157,2025-10-26T06:50:49.013Z,project
U048,F059,export_64.tar,archive,199,2025-10-22T20:06:36.392Z,engineering,legal
U011,F016,brochure_97.pdf,pdf,195,2026-03-10T01:39:44.739Z,research
U036,F088,guide_68.pdf,pdf,111,2026-03-29T15:36:11.882Z,finance,research,legal
U019,F006,invoice_24.pdf,pdf,49,2025-12-15T14:57:35.832Z,hr
U013,F058,data_95.xlsx,spreadsheet,131,2025-11-21T00:52:46.389Z,personal
U035,F005,tutorial_12.mkv,video,15,2025-11-27T23:28:14.933Z,personal,legal
U006,F040,api_11.js,code,7,2025-11-24T08:06:43.374Z,marketing,project
U044,F062,policy_78.pdf,pdf,188,2025-12-22T23:48:29.097Z,hr
U045,F090,interview_77.m4a,audio,145,2026-02-20T08:56:48.438Z,personal,project,marketing
U010,F024,demo_63.mp4,video,45,2025-12-18T10:58:52.291Z,hr
U019,F092,song_24.wav,audio,162,2025-11-03T11:35:20.317Z,hr,research
U018,F044,presentation_24.mp4,video,194,2025-10-24T15:02:19.089Z,personal,hr
U049,F055,song_58.mp3,audio,146,2025-11-24T01:25:20.536Z,media
U011,F017,scan_2.jpg,image,52,2025-11-05T14:03:02.356Z,education,project
U048,F069,release_56.zip,archive,101,2026-02-15T13:13:07.551Z,media,hr
U047,F079,budget_14.xlsx,spreadsheet,114,2026-01-19T16:50:57.949Z,legal,research
U021,F067,tour_66.mov,video,18,2025-10-25T01:06:51.999Z,project,education
U029,F085,song_71.wav,audio,122,2026-01-22T00:22:49.451Z,legal,research,personal
U035,F009,recording_82.mkv,video,142,2025-10-21T15:48:15.201Z,legal,finance
U004,F049,interview_94.m4a,audio,133,2025-12-10T10:05:31.688Z,finance
U022,F050,webinar_15.mov,video,100,2026-02-09T06:24:24.719Z,engineering
U005,F075,export_48.tar,archive,178,2025-10-15T14:39:20.405Z,project,legal
U006,F009,summary_71.pdf,pdf,98,2025-11-10T21:01:28.885Z,project,marketing
U010,F004,project_81.zip,archive,100,2026-04-02T21:49:12.961Z,engineering
U008,F028,promo_63.mov,video,174,2025-10-11T00:02:19.878Z,hr
U042,F012,brochure_12.pdf,pdf,181,2025-10-30T03:47:05.832Z,marketing,project,media
U020,F027,tests_86.py,code,39,2026-02-27T04:25:45.659Z,marketing
U031,F032,manual_82.pdf,pdf,45,2025-11-17T22:15:38.139Z,finance
U026,F045,release_99.gz,archive,100,2025-12-13T11:20:22.904Z,project,engineering
U021,F098,voicemail_80.m4a,audio,149,2026-02-11T19:43:55.394Z,research,education
U013,F014,manual_6.pdf,pdf,158,2026-03-23T05:27:15.018Z,engineering
U030,F099,sales_41.xlsx,spreadsheet,32,2026-01-01T19:37:56.132Z,research,project,education
U037,F069,inventory_2.xlsx,spreadsheet,33,2025-12-26T10:46:24.451Z,media
U014,F058,invoice_30.pdf,pdf,161,2026-02-15T14:06:08.689Z,legal
U040,F045,release_22.gz,archive,198,2026-01-12T23:55:29.511Z,education,legal,marketing
U018,F055,interview_36.m4a,audio,50,2025-12-31T02:18:03.645Z,project,media
U029,F008,api_20.js,code,165,2025-11-15T01:35:11.914Z,marketing,media
U009,F029,sales_8.xlsx,spreadsheet,15,2026-03-06T20:05:22.913Z,hr,marketing
U013,F008,sales_29.xlsx,spreadsheet,69,2026-01-24T05:23:06.681Z,hr,personal
U002,F045,schema_40.py,code,125,2026-01-30T08:18:52.642Z,media,project
U049,F086,project_51.tar,archive,110,2025-12-20T15:43:34.857Z,hr,personal
U050,F032,promo_80.mov,video,105,2025-10-07T16:32:51.544Z,finance,research
U016,F080,screenshot_39.webp,image,179,2025-11-12T03:00:53.164Z,hr,finance
U043,F002,api_87.ts,code,114,2025-10-23T19:03:26.620Z,project,marketing,engineering
U023,F048,tutorial_56.mkv,video,35,2026-02-16T13:59:55.362Z,marketing,legal,project
U012,F094,utils_53.py,code,171,2026-03-18T20:57:48.224Z,engineering
U012,F091,presentation_58.mov,video,107,2026-01-21T03:05:01.394Z,personal
U045,F058,invoice_32.pdf,pdf,90,2025-11-07T07:30:12.241Z,research,personal
U027,F004,data_57.xlsx,spreadsheet,49,2026-02-19T22:55:45.808Z,project,legal,education
U036,F046,api_49.java,code,8,2025-11-26T09:28:16.754Z,project,research
U012,F010,invoice_74.pdf,pdf,128,2026-03-18T05:09:26.049Z,education,personal
U041,F035,thesis_64.pdf,pdf,145,2025-12-14T08:43:54.344Z,engineering
U015,F044,thesis_79.pdf,pdf,85,2026-02-09T02:56:12.869Z,research,finance,personal
U005,F085,export_50.tar,archive,157,2026-01-27T16:27:31.612Z,education,hr,personal
U027,F085,payroll_21.xlsx,spreadsheet,88,2025-11-11T17:21:55.860Z,education
U007,F017,policy_5.pdf,pdf,39,2026-03-31T19:22:51.723Z,personal,research,finance
U007,F053,project_97.zip,archive,25,2026-03-15T01:26:48.742Z,project,engineering
U033,F004,inventory_87.xlsx,spreadsheet,114,2025-10-07T13:22:37.467Z,project,hr
U007,F005,project_93.gz,archive,56,2025-10-14T21:44:55.059Z,finance,research,media
U036,F067,api_36.ts,code,40,2025-12-19T14:39:08.765Z,personal,engineering,media
U049,F085,payroll_30.xlsx,spreadsheet,56,2025-10-22T22:50:07.043Z,marketing,media,education
U018,F027,promo_26.mkv,video,157,2025-11-24T23:34:03.182Z,engineering,media,finance
U037,F087,song_21.wav,audio,50,2025-11-23T07:21:18.152Z,research,education,finance
U024,F065,project_13.tar,archive,26,2026-03-05T01:53:13.658Z,hr,media
U043,F071,summary_20.pdf,pdf,66,2025-12-13T11:27:10.587Z,personal,media,finance
U026,F022,logs_20.gz,archive,35,2025-10-28T17:48:40.825Z,research
U014,F006,payroll_55.xlsx,spreadsheet,178,2026-03-30T15:30:17.934Z,marketing
U042,F038,assets_83.gz,archive,160,2026-02-18T09:57:08.307Z,legal,hr
U039,F015,report_13.pdf,pdf,63,2025-10-12T12:22:57.961Z,project,education
U006,F024,manual_60.pdf,pdf,64,2026-03-29T04:44:09.402Z,education,marketing
U047,F078,helper_7.js,code,51,2026-03-23T18:36:22.887Z,hr
U036,F041,lecture_34.mp3,audio,78,2025-12-10T12:29:09.153Z,personal,media,legal
U005,F062,song_91.mp3,audio,109,2025-12-23T20:59:13.121Z,personal,project
U046,F037,summary_21.pdf,pdf,89,2026-02-05T10:13:35.836Z,project,education
U049,F013,data_51.xlsx,spreadsheet,27,2025-10-28T06:52:58.650Z,project,engineering
U045,F037,summary_38.pdf,pdf,32,2025-11-21T15:20:10.364Z,legal,personal,engineering
U015,F090,recording_53.mkv,video,160,2025-12-26T23:11:39.598Z,education,hr,personal
U020,F073,utils_38.java,code,37,2025-11-17T15:47:22.030Z,marketing,education,personal
U043,F087,presentation_19.mp4,video,185,2026-01-19T04:29:36.511Z,hr
U007,F058,payroll_97.xlsx,spreadsheet,77,2025-10-11T15:21:06.879Z,media,finance,legal
U037,F078,schema_36.java,code,81,2025-12-14T06:11:43.079Z,project,research
U013,F082,tutorial_40.mkv,video,189,2025-10-25T10:04:58.915Z,legal,education
U017,F002,demo_4.mov,video,102,2026-02-11T00:26:49.742Z,marketing
U049,F060,sales_18.xlsx,spreadsheet,198,2026-01-19T23:18:36.583Z,hr
U029,F100,service_99.ts,code,167,2025-12-04T07:09:07.092Z,legal,research
U042,F078,brochure_92.pdf,pdf,115,2025-10-17T20:27:55.444Z,project
U002,F029,tutorial_48.mkv,video,125,2026-01-25T10:59:30.752Z,education,project
U049,F079,metrics_41.xlsx,spreadsheet,150,2026-02-12T20:02:29.952Z,engineering,legal,media
U030,F051,meeting_99.wav,audio,48,2026-03-03T15:30:53.741Z,hr,engineering
U025,F062,brochure_33.pdf,pdf,32,2026-01-23T00:33:47.225Z,research,personal
U041,F016,song_1.mp3,audio,119,2025-11-09T01:09:19.753Z,project,marketing
U007,F011,presentation_32.mkv,video,105,2025-12-21T23:48:54.575Z,hr
U005,F082,demo_46.mp4,video,199,2025-12-02T11:19:37.621Z,finance,personal,research
U016,F056,service_50.java,code,118,2025-11-03T23:39:10.174Z,hr,personal
U049,F068,diagram_45.webp,image,45,2025-12-25T13:33:38.019Z,finance,legal
U025,F053,inventory_39.xlsx,spreadsheet,20,2026-02-21T08:49:37.086Z,legal,education
U048,F039,release_10.gz,archive,38,2026-03-08T19:14:41.099Z,media,personal
U011,F075,presentation_79.mp4,video,16,2025-11-19T17:21:22.928Z,legal,marketing,engineering
U033,F043,brochure_72.pdf,pdf,91,2025-12-17T06:49:03.857Z,project,legal,marketing
U018,F032,interview_80.wav,audio,102,2026-01-04T10:27:28.338Z,engineering
U006,F072,screenshot_5.webp,image,38,2025-11-20T03:02:45.242Z,education,project,media
U023,F065,brochure_59.pdf,pdf,98,2025-10-26T21:58:57.047Z,education
U032,F068,guide_93.pdf,pdf,68,2025-12-27T08:17:28.792Z,marketing
U047,F002,song_72.wav,audio,175,2025-11-20T18:11:22.306Z,education,project
U024,F040,policy_93.pdf,pdf,52,2026-01-01T20:08:50.775Z,legal,education
U025,F046,meeting_45.mp3,audio,66,2025-12-24T18:56:58.091Z,personal
U039,F083,service_45.js,code,96,2025-12-19T22:32:32.256Z,finance
U032,F037,presentation_34.mkv,video,110,2026-01-04T19:40:45.095Z,legal,project,engineering
U048,F094,report_11.pdf,pdf,187,2025-11-06T23:11:12.210Z,project,finance
U002,F083,report_74.pdf,pdf,158,2026-03-27T20:55:30.353Z,project
U007,F024,schema_96.ts,code,62,2025-11-15T03:34:50.551Z,legal,project
U008,F100,banner_82.png,image,113,2026-02-03T17:57:27.499Z,hr,finance
U028,F032,song_62.wav,audio,182,2025-11-08T07:39:33.465Z,marketing
U009,F039,export_66.zip,archive,48,2025-12-13T01:03:19.876Z,marketing
U024,F039,tests_62.java,code,22,2026-03-28T22:56:15.745Z,media,research
U015,F002,backup_75.zip,archive,18,2026-02-06T04:24:04.462Z,marketing,research
U028,F043,photo_63.jpg,image,15,2026-02-17T18:30:18.359Z,media,project,personal
U046,F062,diagram_82.webp,image,114,2026-02-04T13:42:13.049Z,hr
U027,F066,tutorial_9.mkv,video,10,2025-12-21T06:25:27.663Z,marketing,education
U046,F089,config_43.js,code,119,2026-02-15T21:56:03.180Z,hr,research,education
U036,F005,config_14.py,code,174,2025-12-30T05:46:04.672Z,personal,engineering,hr
U018,F021,meeting_46.mp3,audio,188,2025-10-13T10:16:03.605Z,legal,personal
U040,F027,tour_28.mp4,video,48,2025-11-12T14:30:39.566Z,hr
U042,F033,backup_56.gz,archive,128,2025-10-16T19:08:57.736Z,project,hr
U019,F086,policy_28.pdf,pdf,77,2026-01-21T15:24:58.401Z,marketing
U043,F043,project_60.zip,archive,85,2026-02-07T17:16:26.007Z,finance
U002,F042,budget_24.xlsx,spreadsheet,194,2025-10-20T15:19:21.508Z,hr
U043,F093,project_65.gz,archive,123,2025-11-29T15:17:12.277Z,education
U011,F075,api_13.js,code,162,2025-12-30T05:03:24.810Z,media,finance,project
U045,F027,logs_88.gz,archive,23,2025-11-03T20:14:16.997Z,hr
U005,F070,policy_62.pdf,pdf,167,2025-12-15T21:51:25.022Z,finance,research
U027,F007,sales_96.xlsx,spreadsheet,37,2026-03-29T14:31:05.298Z,marketing
U027,F030,demo_6.mov,video,111,2025-12-16T13:54:09.807Z,research,engineering,finance
U048,F016,voicemail_90.wav,audio,81,2025-12-02T12:07:28.673Z,education
U043,F004,backup_35.zip,archive,116,2025-11-20T01:02:17.210Z,legal,project,education
U021,F018,schema_34.py,code,150,2026-02-19T19:52:54.870Z,legal,education,research
U050,F054,scan_10.jpg,image,111,2025-11-01T15:57:32.239Z,hr,legal,marketing
U011,F003,guide_57.pdf,pdf,120,2026-02-26T23:25:58.339Z,research,personal
U002,F029,payroll_2.xlsx,spreadsheet,161,2026-02-15T10:57:40.789Z,marketing,legal,education
U004,F095,photo_55.png,image,123,2025-11-07T10:40:12.845Z,project
U019,F011,presentation_93.mkv,video,158,2026-01-17T12:37:16.737Z,engineering
U014,F027,data_23.xlsx,spreadsheet,48,2025-11-18T05:40:57.727Z,hr
U037,F058,invoice_66.pdf,pdf,132,2026-02-08T16:51:55.638Z,research
U024,F098,logo_46.webp,image,102,2026-02-07T22:41:33.884Z,engineering,hr,legal
U008,F092,main_93.ts,code,77,2026-01-26T11:21:35.715Z,finance
U011,F018,tour_9.mov,video,161,2026-04-03T01:48:10.494Z,personal,hr,project
U020,F071,chart_89.jpg,image,19,2026-01-27T13:04:10.263Z,media,engineering
U019,F035,budget_24.xlsx,spreadsheet,65,2025-12-10T03:14:15.001Z,project,education
U013,F083,export_98.tar,archive,18,2025-12-24T21:12:48.841Z,finance
U023,F043,tour_47.mp4,video,2,2026-03-10T21:14:46.663Z,marketing,finance
U021,F089,clip_25.mov,video,68,2026-01-15T11:34:37.514Z,education,research
U005,F053,portrait_42.png,image,31,2025-11-26T16:53:20.540Z,project
U009,F100,backup_22.zip,archive,3,2025-11-21T16:50:59.132Z,research,project
U018,F092,schema_80.ts,code,188,2026-03-14T22:50:21.590Z,engineering,education,marketing
U020,F056,photo_69.png,image,133,2025-12-05T11:33:45.108Z,legal,media
U028,F097,backup_66.gz,archive,185,2025-11-11T17:12:10.771Z,research
U010,F015,tracker_32.xlsx,spreadsheet,29,2025-11-05T08:23:39.713Z,hr,research,marketing
U039,F018,chart_11.webp,image,196,2025-11-11T15:46:22.640Z,media
U011,F098,metrics_40.xlsx,spreadsheet,135,2025-11-30T11:23:51.629Z,finance,media
U023,F057,payroll_47.xlsx,spreadsheet,2,2026-02-24T08:28:55.273Z,personal
U013,F078,budget_35.xlsx,spreadsheet,95,2025-10-12T10:30:33.851Z,legal,research,media
U039,F022,guide_84.pdf,pdf,74,2026-03-10T21:18:34.499Z,finance,hr
U006,F077,report_19.pdf,pdf,110,2025-11-02T07:43:55.728Z,personal,education
U005,F043,backup_53.zip,archive,139,2025-10-25T01:27:02.208Z,personal
U031,F004,recording_62.mov,video,137,2025-12-11T00:40:03.068Z,media,education
U028,F027,promo_45.mkv,video,193,2025-11-04T18:12:11.654Z,personal,finance,education
U015,F010,helper_50.js,code,106,2026-02-25T18:46:10.975Z,hr,project,engineering
U050,F094,promo_94.mov,video,172,2026-01-13T22:19:46.512Z,hr,engineering,project
U002,F077,backup_2.gz,archive,62,2025-12-17T05:17:54.303Z,research,education
U008,F026,main_26.py,code,125,2025-10-16T17:53:08.407Z,engineering
U004,F070,backup_66.zip,archive,144,2025-11-11T11:17:08.092Z,research
U028,F038,config_56.ts,code,185,2025-12-08T11:45:09.525Z,marketing
U032,F067,schema_83.py,code,14,2025-12-24T09:48:13.166Z,finance
U027,F087,meeting_85.m4a,audio,61,2025-11-06T04:13:51.443Z,personal,legal,project
U033,F052,podcast_26.m4a,audio,79,2026-02-10T05:43:17.296Z,personal
U034,F063,voicemail_20.mp3,audio,56,2025-12-29T08:41:18.997Z,finance
U015,F096,logo_14.png,image,157,2025-11-02T22:38:31.871Z,finance,education,project
U021,F100,podcast_65.mp3,audio,179,2025-12-03T04:17:20.231Z,personal,education,media
U009,F020,meeting_53.mp3,audio,154,2026-03-24T17:54:41.386Z,personal,research