node_id,region,cpu_pct,ram_pct,bandwidth_mbps,latency_ms,active_connections,predicted_latency_ms
N002,ap-south,70.8,65.8,8434.5,102.41,734,197.83
N012,us-east,9.3,30.1,1986.3,245.7,469,305.23
N001,ap-south,8.4,89,371.1,166.17,142,229.55
N012,sa-east,70.7,53.7,569.6,158.44,557,270.66
N004,us-east,14.6,89.1,1567.3,178.84,332,261.61
N010,ap-south,88.8,8.8,2321.1,297.61,210,448.98
N011,sa-east,18.9,84.2,1605.6,294.2,270,418.07
N004,ap-northeast,7.6,53.3,8321.6,230.56,277,294.13
N005,sa-east,44.7,63.6,3242.3,51.69,248,86.6
N005,eu-central,22.8,79,3739.4,284.86,251,404.9
N004,sa-east,53.7,88.1,5871.4,67.43,622,136.44
N008,ap-south,90.8,92.8,4931.3,198.41,494,374.56
N001,us-east,9.6,64,7888,296.15,213,384.19
N007,eu-central,19.1,73,530.2,297.05,82,401.8
N009,us-east,50.7,23.8,2333.9,47.33,155,70.83
N010,ap-northeast,34.3,19.1,1504,48.92,490,84.92
N011,eu-central,91.8,76.9,7938.3,131.24,114,230.82
N012,ap-northeast,78.7,50.2,9165.9,224.11,991,399.35
N001,us-west,72.1,10.8,9436.3,122.45,423,192.15
N002,ap-south,95.3,49.3,2280.4,210.71,270,359.24
N002,eu-central,36.3,31.8,7524.1,92.93,376,138.45
N007,us-west,43.4,50.5,2799,119.87,884,210.26
N005,sa-east,63.1,80.8,6870.1,83.16,230,143.29
N001,eu-central,8.3,68.3,3124.8,3.66,724,40.85
N003,ap-northeast,10.7,6.3,9275.9,186.22,797,239.94
N006,eu-central,9.3,76.7,1150.1,190.74,385,267.63
N003,ap-northeast,94.9,41.3,7533,279.1,930,496.46
N003,eu-central,41.3,14.9,586.3,296.83,379,391.82
N003,eu-central,37.3,20,4208.5,10.13,736,49.49
N005,ap-south,51.3,24.9,5472.9,264.94,24,356.09
N004,eu-central,45.9,39.5,8979.4,224.12,816,345.86
N003,ap-south,10.8,88.2,1166.3,41.95,331,73.1
N012,sa-east,36.5,86.5,135.1,284.1,984,467.06
N005,sa-east,8.5,29.1,7898.4,299.7,241,353.56
N012,us-west,82.6,49,8989,95.93,998,201.12
N002,us-west,40.6,42.5,2904.3,182.21,31,246.56
N007,sa-east,96.9,86.7,911.1,54.87,844,139.51
N012,eu-central,30.7,44.1,6617.6,137.81,532,205.82
N003,us-east,26.6,9.6,2528.8,91.81,730,143.46
N009,eu-central,14.1,74.6,3790.1,18.96,198,34.91
N005,ap-northeast,86.7,47.9,5885.3,220.03,192,360.14
N002,eu-central,92.4,64.2,693.8,64.49,521,134.14
N011,eu-central,69,27.3,3879.8,6.27,992,58.6
N009,us-west,88.7,83.6,9479.4,189.83,47,329.27
N006,sa-east,19.2,43.8,9807.2,112.06,70,142.68
N001,us-east,59.8,72.9,126.3,166.24,989,305.79
N007,ap-northeast,61.3,60.3,2277.7,77.72,551,144.71
N012,ap-south,94,66.7,3123.6,163.86,341,294.36
N005,us-west,95,18.3,7696.1,63.04,545,124.08
N003,ap-northeast,22.4,89.6,2490.3,78.64,511,136.48
N009,ap-northeast,92.2,75.6,204.3,15.2,829,67.49
N002,us-east,64.2,13.3,547.1,18.54,998,75.21
N009,eu-central,37.3,79.5,3892.4,228.63,123,338.01
N005,us-east,20.2,87.3,1451.1,282.82,151,401.24
N006,ap-northeast,43.3,81.1,7059.1,102.85,529,179.37
N004,ap-northeast,37.8,36.5,7093.8,222.28,614,322.03
N004,sa-east,8.1,20.8,2476.7,27.52,912,76.14
N008,ap-northeast,84.1,85.9,8262.3,209.56,358,375.58
N005,us-west,7,9.8,1702.7,36.13,154,46.27
N011,us-west,12.1,19.9,5961.7,99.28,783,151.02
N002,ap-south,76,83.7,7256.3,280.65,674,499.3
N001,ap-northeast,22.2,18.5,3312.8,84.5,360,117.09
N009,ap-south,17,58.7,2525.7,192.94,514,272.79
N007,eu-central,14.9,46.7,2406.2,60.96,374,93.69
N012,sa-east,16.4,68,2120.1,72.59,751,132.55
N008,us-east,42,66.7,284.7,156.57,305,239.51
N006,eu-central,53.7,75,5802.8,57.07,699,121.61
N011,us-west,9,72,776.6,249.2,101,325.27
N008,ap-northeast,31.2,91.1,7276.6,272.91,6,398.66
N009,us-east,78.8,17.9,2452.3,130.95,775,229.11
N011,us-west,42.8,17.1,1990.4,59.45,791,115.11
N001,ap-northeast,7.6,80.6,7663.6,287.26,988,424.75
N012,eu-central,24.4,87.1,9855.3,125.2,644,209.02
N010,us-east,29.4,91.9,3436.5,213.48,154,317.96
N003,ap-south,47.3,32,5117.4,280.95,556,405.16
N006,us-east,6.3,49.2,9162.1,150.76,260,193.23
N004,ap-south,11.3,59.5,630.4,275.86,535,372.91
N005,us-east,31.6,15.3,1838.8,50.06,787,99.87
N003,eu-central,76.4,90.1,5638.3,241.72,69,410.1
N007,eu-central,12,92.2,3239,236.02,817,363.57
N012,sa-east,48.6,59.7,9433,184.45,683,300.13
N011,eu-central,7.6,31.6,754.7,109.73,969,173.91
N002,sa-east,31.4,76.4,2054.1,38.24,784,93.18
N009,us-east,80.2,60.9,8592.4,103.8,498,191.4
N012,sa-east,30.7,84.2,6023.9,26.98,160,46.69
N008,sa-east,55.3,64.6,8153.5,274.28,642,441.28
N002,ap-northeast,93.4,80.5,7279.3,55.66,437,118.44
N009,us-east,51.6,14.2,5180.4,220.54,921,333.93
N003,sa-east,78.9,85.3,7260.2,226.58,914,426.09
N004,ap-northeast,67.9,57.3,6424.9,105.95,987,211.51
N009,sa-east,9.7,85.2,1691.4,197.66,664,296.58
N006,ap-south,77.4,81.2,9624.4,298.3,110,499.98
N008,eu-central,63.9,27.3,7573.7,63.51,771,128.13
N002,us-east,57.6,31.5,3173.6,126.88,669,210.19
N012,ap-northeast,24.4,36.3,3923.3,281.79,672,383.86
N008,us-west,22.1,55.9,6807.9,123.06,360,177.59
N002,sa-east,50.4,72.6,6875.4,138.48,357,224.74
N002,us-west,54.5,60.1,6617.1,259.46,579,411.09
N009,sa-east,3.2,37.4,1016.5,163.2,571,214.71
N010,ap-south,46.3,12.8,3025.5,20.16,376,44.49
N011,ap-south,85.1,37.8,6974.9,198.1,534,334.05
N011,us-east,95.3,41.1,8230.4,126.64,422,225.43
N010,ap-south,31.4,35.3,3933.9,259.03,399,350.13
N008,us-west,74.3,77.8,3910.3,23.33,41,40.1
N003,ap-northeast,2.4,53,2105.2,188.37,726,260.21
N005,us-east,18.8,33.5,8156.9,199.44,834,282.16
N005,us-west,21.5,72.6,8711.6,12.1,427,37.68
N006,us-east,86.5,43.7,5022.4,100.92,506,184.57
N008,ap-northeast,30.8,61.9,7974.4,78.48,314,122.46
N001,eu-central,42.1,83.2,3507.8,274.5,674,442.11
N002,eu-central,67.2,61.6,7990.5,180.91,896,323.64
N005,us-west,83.8,58.6,8287.1,104.07,58,170.9
N012,eu-central,3.1,15,4694.2,75.59,639,112.49
N003,us-west,77.8,43.8,3224.3,7.58,850,54.14
N011,us-west,59.4,68.5,3924.4,196.59,843,342.02
N006,us-east,17.7,26.8,971.4,64.32,745,113.01
N004,eu-central,40.9,26.9,7358.4,76.83,34,101.13
N003,ap-northeast,77.5,46.9,9106.1,294.59,821,495.85
N003,us-east,95.3,36.1,4887.2,179.21,19,287.12
N005,sa-east,72.3,88.9,6231.2,154.48,404,276.3
N003,ap-south,48.8,54,8088,268.18,858,424.79
N010,us-east,51.6,92.3,9680.7,80.77,843,168.61
N006,sa-east,29.6,40.7,5514.6,263.12,500,362.76
N012,ap-south,50.6,75.4,6376.4,136.61,606,235.81
N009,ap-south,19.1,34.4,6025.7,225.79,348,290.64
N004,ap-northeast,51,20.3,6710.7,145.85,237,204.76
N007,us-west,11.9,91.9,6216.8,221.01,280,315.86
N012,eu-central,11.4,11.4,1294,52.49,356,75.28
N010,eu-central,54.7,48.1,3463,16.96,12,24.92
N001,us-west,58.2,56.9,4686.9,255.02,425,398.85
N007,eu-central,32.9,70.7,3497.9,183.06,104,261.51
N007,ap-south,47.9,26.4,2132.7,133.89,620,208.74
N012,us-west,51.9,69.8,2040.5,257.77,820,425.64
N001,eu-central,17.8,32.5,2843.4,116.43,502,164.51
N003,us-east,90.4,68.4,1503.1,68.94,592,145.42
N001,eu-central,46.7,69,2360.2,231.24,850,380.92
N001,us-west,58.1,58.4,4873.1,138.59,963,253.98
N010,us-east,19.9,38.2,9627.5,267.91,967,377.03
N004,eu-central,33.3,37,2885,57.19,778,112.67
N011,ap-south,31.7,56.1,4365.2,141.23,607,220.37
N009,ap-northeast,51.8,66.6,6933.9,177.79,850,305.81
N012,us-west,64.4,88.7,4441.1,38.41,424,83.33
N001,sa-east,92.6,33.4,7966.4,14.76,823,64.39
N008,eu-central,89.2,76.1,9868.5,265.34,633,482.64
N008,ap-northeast,41.3,19.1,2706.2,168.24,337,230.54
N007,eu-central,19,51.8,7684.1,164.31,764,246.49
N003,ap-northeast,80.3,88.6,9852.9,274.41,835,507.38
N008,ap-northeast,15.7,43.1,9946.1,130.1,801,199.05
N007,us-west,24.9,78.2,1586.6,179.26,705,283.55
N001,sa-east,68.6,94.2,6018.4,117.64,510,220.43
N005,ap-south,80.4,25.2,2352.3,66.92,821,140.49
N012,ap-south,72.7,50.2,4608.1,113.6,357,191.75
N007,ap-south,63.2,54.8,132.2,59.14,213,99.28
N004,eu-central,59.8,17,450,56.98,874,120.95
N004,sa-east,95.6,26.8,6405.2,155.95,618,275.33
N012,ap-south,89,42.3,6530.7,70.43,806,152
N007,sa-east,11.6,23.6,3100.8,265.75,840,344.07
N003,sa-east,41.5,6.4,930.1,160.8,163,205.75
N005,ap-northeast,60.6,86.9,1700.9,186.66,632,328.89
N004,ap-northeast,30.4,86.7,3740.3,122.01,8,176.22
N009,sa-east,45.8,42.2,2996.7,115.36,704,193.2
N008,sa-east,10.9,51.3,5142.4,251.59,131,314.87
N011,ap-northeast,16.9,78.9,5868,223.62,946,348.63
N005,eu-central,29.6,89.7,9077.9,221.17,518,345.93
N002,ap-south,39.7,64.9,813.8,179.56,919,300
N009,eu-central,65.8,17.2,9713.7,291.33,111,409.43
N001,us-east,30.7,21.8,1976.5,239.77,914,339.7
N004,us-east,82.5,93,6812.1,12.98,284,36.56
N005,ap-northeast,57.7,6.3,6585.6,122.95,404,181.2
N005,eu-central,8.2,84.9,1974.1,145.34,734,229.13
N006,us-east,45.9,51,7410.7,13.81,133,25.98
N009,sa-east,50.5,78.2,5111.2,38.93,467,82.26
N003,ap-south,5.2,63,554.8,150.04,662,218.55
N001,eu-central,84.8,83.5,4538.2,171.4,271,305.33
N010,us-east,95.5,30.9,6658.1,5.66,448,31.35
N002,ap-south,56.7,79.1,9644.3,228.7,642,385.94
N004,ap-northeast,78.7,53.2,8609.5,122.82,16,193.73
N001,us-west,26.9,85.3,5723.9,28.39,487,64.63
N009,us-west,61.8,90.7,6715.9,74.66,117,126.15
N003,us-east,14.1,40.3,7521.2,225.32,476,295.27
N008,ap-south,69.5,16.3,4285.5,293.11,870,454.39
N009,ap-south,68.4,56.3,7513.3,80.11,823,163.69
N012,eu-central,15.9,29.7,919.6,181.97,390,233.95
N005,sa-east,41.8,31.4,5208.1,230.57,241,314.94
N010,ap-northeast,28.8,79.3,5560.2,62.47,535,114.73
N010,eu-central,74.1,69.5,7902.6,187.74,852,343.39
N006,sa-east,19.7,6.5,57.4,186.02,546,235.67
N004,eu-central,79.3,9,2721.6,184.24,489,287.27
N005,eu-central,90.7,14.4,3754.6,78.81,42,120.43
N009,eu-central,49.3,17.5,9090,261.96,74,345.51
N004,us-west,86.5,15.4,9727.5,261.4,694,422.57
N009,sa-east,95.4,8.2,1409.5,258.27,154,396.22
N004,us-west,66.6,43.4,6774.3,261.42,680,420.29
N004,ap-south,31.6,39.7,52.1,203.67,210,273.3
N006,us-east,31.1,76.2,1014.4,39.51,227,67.04
N004,sa-east,86.5,28,3032.7,135.41,492,231.21
N011,us-east,86.4,64.3,46.5,217.69,376,377.19
N002,ap-south,29.5,33,386.1,57.04,178,80.63
N003,us-east,78.3,68.9,6158.6,184.71,433,321.1
N006,sa-east,8,77.8,5827.3,21.83,454,51.06
N003,us-east,61,72,5608,247.99,93,387.79
N005,us-west,64.8,34.5,2873.6,4,216,16.56
N009,eu-central,35.4,18.2,1009.3,89.4,640,142.65
N007,eu-central,32.3,35.8,5618.7,40.53,604,82.11
N012,ap-south,48,8.8,7776.4,156.7,709,234.35
N009,us-west,14.4,77,2480.6,107.94,843,185.57
N004,ap-south,73.1,29.9,1515,83.04,275,135.42
N005,eu-central,8.9,24,9400.5,28.29,73,35.46
N001,ap-northeast,10.9,93.6,8909.5,183.66,264,264.17
N009,us-east,51.1,22.2,9519,59.81,263,92.67
N008,us-west,29.2,41.3,8570.2,155.23,697,234.11
N001,us-west,89.4,65,1909.4,81.58,14,136.42
N010,us-west,96.8,63,4309.1,71.94,315,137.62
N007,ap-south,84.5,75.1,2142.5,152.45,107,260.37
N004,sa-east,60.3,49.4,3673.4,299.63,426,460.61
N005,eu-central,79.6,89.5,29.5,257.27,808,476.82
N006,ap-northeast,59.5,22.6,5491.3,40.91,464,79.36
N012,sa-east,77.1,23.5,4183.8,184.56,80,274.17
N011,us-east,61.1,73.7,7409.2,154.65,685,274.14
N005,us-west,70.8,91.7,5993.7,171.43,819,325.47
N010,us-west,69.9,91,838.3,221.33,939,412.77
N010,us-east,14.7,87.4,3527.6,202.15,123,282.05
N003,sa-east,35.6,44,4482.1,92.15,160,130.07
N012,ap-south,93.4,5.4,528.1,76,721,148.91
N011,ap-northeast,20.7,34.6,2794,231.6,723,318.43
N002,ap-south,20.1,71.2,1439.1,262.64,629,382.82
N001,eu-central,62.5,47.1,2091.4,10.95,341,33.14
N002,eu-central,52.5,59.2,1099.9,250.43,188,374.99
N001,ap-northeast,13.6,28.2,3315.2,176.68,738,242.2
N003,us-west,10.3,16.2,669.9,205.01,956,274.44
N001,ap-south,50.3,84.8,6710,82.12,620,156.99
N001,us-east,68.6,11.8,6192.4,150.55,521,234.16
N008,sa-east,44.5,20.6,2272.1,122.01,630,189.04
N001,ap-northeast,46.5,42.2,2563.9,175.06,61,243.44
N004,sa-east,90.8,39.6,7418.7,123.58,933,242.65
N006,sa-east,4.6,88.8,4094.5,10.24,156,21.31
N010,us-east,45.1,47.9,2275.3,17.72,733,61.2
N007,sa-east,17.9,78.7,5522.8,278.39,375,395.09
N007,eu-central,13.6,90.1,9728.4,168.22,477,254.03
N005,sa-east,80.3,73.4,2441.5,238.6,243,404.93
N009,eu-central,88.8,24.4,6901.4,132.46,243,214.2
N008,ap-south,53.2,31.9,8942.7,84.16,113,121.15
N010,ap-south,74.8,50.3,9207.4,22.19,195,43.96
N002,us-east,85.4,30.6,5253,215.41,868,372.76
N004,eu-central,42.2,84.5,4070.9,12.68,819,59.88
N003,us-east,57.7,83.4,3977.9,147.54,269,244.57
N010,eu-central,17.9,17.7,9969.1,230.54,229,276.23
N010,ap-south,17.2,83.9,8528.2,209.34,454,308.59
N003,sa-east,19.6,53.2,2324.1,238.16,179,312.68
N007,us-west,65.8,82.1,5154.2,64.26,767,141.34
N008,eu-central,40.5,23.8,951.3,212.29,516,297.92
N007,ap-northeast,62.2,76.6,8646.5,21.38,827,74.84
N001,sa-east,17.7,85.1,5980.3,146.47,990,250.48
N011,ap-northeast,48.9,36.1,7343.4,223.07,310,319.95
N005,sa-east,29.2,49.4,2788.5,167.44,365,237.71
N008,eu-central,16.9,60.9,1852.9,198.42,77,259.32
N001,sa-east,17.6,43.4,5732.3,106,301,145.71
N005,us-east,62.5,90.5,7920.4,291.78,603,501.13
N011,eu-central,15.2,25.6,3340.4,23.69,978,76.41
N002,ap-south,36.7,11.4,384.6,28.73,441,57.14
N007,us-east,7.8,69.7,8240.4,84.19,340,124.03
N002,us-east,19.7,16.4,2321.5,285.36,318,344.97
N004,sa-east,10.9,10.2,1156.2,265.68,712,324.79
N012,sa-east,8.9,28.5,4674.1,278.78,808,358.07
N002,ap-south,8.6,57.5,4202.8,79.51,866,141.47
N010,ap-northeast,69.5,91.5,6647.7,218.12,944,407.64
N009,eu-central,25,38.4,982,3.13,859,46.87
N010,eu-central,57.6,22.4,6612.3,196.8,940,315.17
N005,us-east,25,13.9,7810,208.03,348,261.07
N010,us-east,31.6,93.1,7200.8,221.91,57,328.69
N004,ap-south,36.3,55.2,3377.5,110.37,591,180.26
N012,eu-central,87.5,86.8,1704,230.48,972,446.6
N005,us-west,96.3,34.9,5342,249.68,51,401.5
N007,us-west,45.3,45,1700.2,292.58,678,436.64
N005,ap-northeast,20,16,7362.3,137.68,917,204.64
N005,ap-south,19.9,88.6,1552.9,273.7,227,393.12
N002,us-east,54.2,72.3,2301.5,297.02,613,479.74
N005,ap-south,90.6,56.5,7474.4,129.48,36,214.32
N010,us-east,67.6,93.4,8525.6,22.5,962,85.21
N003,us-west,62.5,68.2,983,64.15,917,144.63
N004,us-east,3.8,88.9,3003.3,253.22,261,346.12
N005,us-west,17.4,13.6,1404.1,48.88,859,98.3
N006,us-east,24.5,8.6,6214.4,2.65,238,14.95
N009,us-west,10.5,56.1,4638.7,250.43,5,310.66
N011,eu-central,27.2,36.1,8374.7,74.83,217,104.86
N005,us-west,75.3,71.8,1371.4,171.55,701,312.25
N007,eu-central,32.8,53.6,5361.7,239.8,224,333.17
N004,ap-northeast,80.9,36.4,1424.6,283.98,997,483.16
N012,ap-northeast,41.2,34.5,6898,30.02,200,49.66
N010,eu-central,34,19.8,6896.8,70.42,581,116.09
N005,eu-central,16.9,61.1,7922,83.54,203,117.76
N005,us-east,17.1,6.5,1962.4,166.17,25,185.23
N003,us-west,90.8,29.7,146,177.46,404,295.8
N005,ap-south,17.9,90.8,5402.2,101.96,31,143.5
N004,sa-east,56.2,23.3,7929.9,84.37,861,157.68
N010,us-east,84.4,82.6,3057.6,130.04,563,248.87
N007,eu-central,41,29.8,2157.9,158.21,606,236.66
N003,ap-northeast,55.5,11.7,658.8,246.09,390,343.48
N009,sa-east,20.5,48,392.2,9.07,812,52.05
N010,us-east,29.4,88.1,3435.8,169.02,163,251.65
N005,us-west,47.7,38.8,1589.7,31.78,871,87.02
N012,us-west,10,35.9,8978.2,284.72,713,368.68
N004,ap-northeast,79.6,21.8,3558.7,80.84,305,134.14
N003,eu-central,72.8,89.8,1155,180.8,356,318.53
N009,ap-south,48.6,84.2,1062.4,18.63,555,56.14
N006,ap-northeast,52.1,86.4,5086.6,64.24,146,106.78
N001,sa-east,81.6,34,5196.6,238.54,91,367.45
N007,us-west,2.5,70.4,9069.4,178.03,271,235.58
N004,us-east,72.4,28,2497.7,133.07,87,198.01
N012,eu-central,11,21.9,7088.4,84.2,851,137.53
N008,us-east,9.7,14.7,5745.4,18.57,473,44.03
N002,eu-central,69.1,12.9,3999.5,249.01,858,388.65
N012,ap-south,68.7,44.2,331.7,254.21,601,409.03
N001,sa-east,76.7,7.1,92.9,10.53,457,37.67
N003,ap-northeast,81.3,51.9,2112.8,273.7,614,463.01
N003,us-west,44.1,76.6,4128.9,117.51,522,199.53
N005,us-east,77.9,63.4,1612.8,164.73,821,304.76
N002,eu-central,23,58,2923.2,93.34,231,133.67
N010,eu-central,43.9,33.5,8284.8,182.84,724,279.59
N011,ap-south,40.7,55.4,8602,61.2,22,86.06
N005,sa-east,97.3,55.7,5427.8,86.02,736,180.64
N003,ap-northeast,54.6,34.6,7702.4,258.22,240,370.5
N009,ap-south,41.2,39.3,2768.5,17.52,13,24.07
N008,us-east,84.4,78.3,4416.2,47.14,565,107.59
N001,sa-east,84.4,49.5,9208.6,22.25,937,82.16
N006,sa-east,62.9,73.6,7413.2,10.08,161,23.77
N008,eu-central,47.4,31.6,9633.4,161.07,606,246.51
N001,us-west,84.7,51.3,1656.1,179.57,614,317.02
N004,us-west,86,72,5539.9,37.09,695,96.69
N008,sa-east,32.4,32.9,693,131.74,406,187.83
N002,ap-northeast,6.5,20.2,3497.4,200.89,171,229.5
N001,sa-east,3.6,39.1,9023.5,156.11,555,207.02
N011,sa-east,34.7,14.1,8100.7,297.42,704,398.2
N005,ap-northeast,33.5,68.8,1053,246.04,636,375.48
N001,ap-south,29.2,78.1,4309.8,207.71,58,295.01
N012,sa-east,72.6,85.1,398.5,90.45,230,160.44
N001,ap-south,14.5,47.1,4734.3,19.69,816,65.01
N006,ap-south,55.7,70.8,5626.6,256.15,905,433.19
N006,ap-south,37.4,94.2,3832.3,276.59,97,420.01
N004,ap-south,76.2,35.9,7923.7,231.98,986,397.42
N009,us-east,88.1,50.1,156.2,45.64,241,85.42
N008,ap-south,18.2,26.8,1762.7,158.53,737,223.97
N002,us-west,38.8,20.3,3065.8,160.27,875,245.96
N006,sa-east,33.8,63.9,6619.5,101.59,247,152.75
N006,ap-south,62,10.8,9251.3,65.5,18,89.06
N004,ap-northeast,50.8,9.3,7685.6,250.66,133,328.75
N010,ap-south,12.5,24.4,6816.4,282.98,566,351.98
N006,sa-east,44.9,45.5,8836.3,102.5,132,147.66
N003,us-west,63.6,30.1,8522.8,263.26,226,384.69
N011,eu-central,19.2,72.1,7667.4,221.85,429,317.92
N012,ap-northeast,79.7,13.5,1634.1,126.78,641,215.06
N004,ap-south,34.5,55.2,9043.4,41.19,456,78.67
N007,ap-northeast,89.9,11.3,2121,78.21,274,130.01
N004,us-west,82.4,78,2069.4,239.27,502,425.16
N004,us-west,5.6,23.8,4039.5,292.31,322,339.78
N008,eu-central,16.2,72.6,7632.6,151.77,457,223.64
N012,us-east,67.7,40,3443.6,34.93,972,100.01
N003,ap-south,33.2,74.6,7028.3,90.89,880,172.58
N012,sa-east,72.9,28.6,80.3,216.6,762,354.3
N005,us-west,58.6,27,4488.6,242.86,317,351.73
N011,us-east,73.4,18.3,4041.1,100.64,932,190.31
N010,us-west,2.6,45.9,7016.7,149.41,726,210.51
N007,us-west,81.5,68,5435,137.06,937,270.83
N011,ap-northeast,20.2,72.4,942.8,228.93,989,356.75
N011,eu-central,3.2,69.7,6016.8,71.49,508,114.64
N009,eu-central,17.8,28.3,8976.6,140.86,40,168.68
N008,ap-south,68.8,72.7,5636.6,147.93,261,247.72
N007,eu-central,82.1,59.6,5118.4,147.28,930,283.5
N009,us-west,72.7,33.6,3129,118.49,318,190.73
N008,us-west,12.3,86.5,7454,97.59,745,168.98
N003,us-west,2.2,85.2,9877.2,48.94,121,69.43
N011,eu-central,82.2,70.7,9996.7,191.31,348,332.42
N002,ap-south,62.3,81,8415.1,267.3,459,445.68
N005,ap-south,30.3,40.6,8617.9,272.74,164,359.17
N008,us-west,72.8,40.3,8772.5,89.19,690,168.14
N008,ap-south,81.7,58.7,7536.4,244.45,14,392.84
N007,sa-east,96.1,6.4,4126,164.85,311,263.13
N008,sa-east,30.9,24.2,2773.5,286.21,581,382.57
N004,ap-northeast,3.8,63.5,1769.1,197.45,407,263.35
N005,ap-northeast,20,33.2,3655.1,226.68,67,277.78
N003,ap-northeast,7.5,55.6,6234.2,227.21,33,279.49
N003,sa-east,72.7,10.9,1913.5,11.04,104,20.65
N011,sa-east,65.6,67.4,7997.4,213.38,458,354.21
N003,us-east,26,40.8,2714.8,26.41,973,82.09
N005,ap-northeast,80.7,62.3,7772.7,176.31,994,333.76
N005,ap-northeast,27,21.1,3422.9,253.84,413,326.61
N008,us-east,10.4,77.5,3290.9,271.24,544,382.61
N008,eu-central,50.7,84.5,7705.7,147.78,136,233.67
N008,us-west,58.1,42.3,5678.9,277.17,987,446.12
N012,us-east,51,94.2,4922.2,290.82,976,505.1
N006,ap-northeast,82.6,52.5,9458.2,279.39,817,484.52
N008,us-west,29.3,25.2,8601.2,36.85,856,88.14
N006,us-west,45.4,87.3,2398.9,279.53,175,433.08
N011,eu-central,30.4,14.6,2502.2,284.85,892,386.61
N005,ap-northeast,59.9,5.7,9398.4,125.6,33,167.25
N011,ap-northeast,75.8,27.7,4755.6,118.23,314,189.66
N012,us-west,61.1,42.4,9982.9,67.23,377,116.12
N012,ap-northeast,9.7,55.8,5646.4,37.33,960,94.08
N001,sa-east,13.8,74,1673.8,190.14,582,279.26
N008,eu-central,45.4,26.9,6766.7,242.73,944,366.79
N002,ap-south,49.1,26.5,8997.5,14.45,734,55.97
N006,us-west,34.9,19.2,4467.2,251,642,342.96
N003,ap-south,30.2,72.3,2911.2,237.13,536,356.88
N010,us-west,76.8,93.6,39.7,93.96,524,185.56
N012,us-west,63.3,53.2,4485.3,253.58,118,384.71
N010,ap-south,79.5,19.3,2355.3,64.4,356,111.94
N003,ap-south,57.8,69.8,5643.2,288.65,119,445.18
N011,eu-central,2.5,7.2,6292.3,25.63,329,43.02
N001,eu-central,3.7,15.4,1908.3,177.1,696,224.27
N001,ap-northeast,4,6.1,7708.7,233.87,56,246.1
N006,us-west,75.8,51.9,7196.1,105.14,363,181.33
N008,us-east,90.3,37.5,8145.3,93.58,648,179.93
N006,eu-central,45.9,15.6,1562.5,124.15,400,179.1
N012,ap-northeast,12.9,26.7,8824,83.53,676,130.15
N005,ap-northeast,86.4,16.3,6282.2,283.12,369,439.26
N004,us-west,4.7,37.3,5795.4,43.98,524,76.68
N008,us-west,35,80.9,2895.6,210.93,77,308.57
N009,ap-south,73.6,59.7,5328.9,280.14,325,455.23
N005,ap-northeast,48.9,11.3,8200.5,145.68,481,210.84
N006,ap-south,36.3,32.5,9200.8,190.12,994,294.92
N012,eu-central,18.4,25.6,6996.6,211.24,219,259.65
N003,ap-south,45,34.4,2753.1,267.5,312,373.96
N010,us-east,31.7,86.6,7757.4,34.49,432,71.51
N001,us-east,30.6,50.4,2684.6,261.69,845,387.94
N011,eu-central,39.8,91.7,780.7,272.59,329,426.61
N009,us-west,70.2,28,5476.1,16.77,133,30.87
N004,us-east,47.5,42.4,6454.4,138.53,184,200.21
N011,sa-east,5,76.2,7072.9,2.51,489,27.66
N007,ap-south,72.9,42.8,3310.2,134.01,691,236.53
N002,eu-central,25.7,32.7,4421.6,183.16,313,242.31
N008,us-west,68.4,69,3812.4,30.15,111,52.95
N004,us-west,13,25.2,6122.9,43.98,836,92.33
N010,eu-central,57,93.6,6719.1,209.29,897,379.09
N002,ap-northeast,86.5,91,1098.8,246.98,511,454.27
N006,us-east,10.9,43.8,2988.4,34.12,838,82.86
N004,us-east,83.9,11.5,960.3,26.78,492,63.64
N011,eu-central,80.9,80.8,9654.3,242.48,252,418.47
N011,ap-south,54.9,91.3,7647.4,205.68,517,350.58
N008,ap-south,75.1,93,1351.6,93.65,832,199.45
N005,us-east,46,63.3,5869.7,248.35,405,378.12
N012,us-east,11.4,67.4,4964.6,265.43,88,344.59
N004,ap-northeast,37.9,26.7,8328.3,238.22,883,348.71
N007,eu-central,35.5,17.4,5889.8,268.27,189,340.9
N006,ap-south,79.1,72.7,1402,199.32,517,352.3
N002,us-west,13.2,27.8,8337.3,134.3,498,180.51
N010,ap-northeast,67.8,26.7,2562.1,65.97,253,106.86
N005,us-west,36.9,38.7,9226,59.87,212,89.24
N006,ap-northeast,79.4,55.3,5692,28.15,57,47.36
N011,us-west,81.6,19.4,1665.8,57.72,817,125.85
N004,ap-northeast,2.6,53.5,1759.8,236.75,848,324.45
N003,ap-northeast,85.1,20.4,8195.3,209.13,143,319.49
N012,us-west,22.8,57.5,6889,160.79,22,211.04
N005,us-east,45,87,4546.1,67.24,969,150.32
N006,eu-central,21.9,10.2,1542.5,111.65,422,148.77
N009,eu-central,33.6,34.4,565.7,31.98,589,70.47
N003,eu-central,15.1,64.4,5464.7,147.45,828,231.64
N003,eu-central,20.1,20.6,9348.5,266.75,285,326.13
N005,sa-east,71.9,49.2,6984.5,38.8,92,63.71
N010,us-west,52.1,65.3,7650.1,158.86,342,251.92
N003,us-west,55,17.6,6792,5.03,331,23.26
N002,us-east,39,27,2318.9,1.9,306,17.74
N006,us-east,24.1,83.7,8811.1,182.03,171,263.3
N003,ap-northeast,77.3,50.4,9547.8,166.2,771,296.91
N009,us-east,28.3,16.2,1263,60.61,738,109.36
N010,eu-central,36.4,14.9,6721.6,70.91,694,122.04
N011,us-east,77.6,27,8590.1,248.24,985,416.15
N003,us-east,46.9,64.7,2130.2,74.33,620,138.79
N011,us-east,55.5,94.4,7805.4,158.53,283,266.56
N005,us-west,77.3,77.5,3880.6,274.66,361,469.82
N006,sa-east,56.1,86.3,461.6,191.19,298,314.72
N008,eu-central,46,57.9,3248.8,223.23,514,343.36
N009,ap-northeast,46.2,18.1,2573.1,171.88,131,228.5
N004,us-west,35.6,10.1,8822.8,197.36,773,277.78
N004,ap-south,73.1,19.8,5002.4,210.43,405,321.48
N011,sa-east,47.6,43.1,4031,180.79,847,292.14
N005,ap-northeast,88.6,50.2,7948.2,286.06,995,510.4
N008,eu-central,60.7,92.2,1251.1,134.56,530,243.25
N012,us-east,88.9,63.7,9472.2,235.05,39,391.39
N010,eu-central,12.6,56,4523.8,236.06,341,312.05
N008,us-west,71.8,77.2,4183.4,247.43,811,440.48
N012,ap-south,22.4,92.9,6643,262.18,147,380.08
N001,us-east,79.2,29.4,5664.5,101.47,161,159.65
N008,ap-northeast,48.7,84,3793.5,218.79,369,351.78
N008,us-west,20,60.8,5641.7,121.28,883,202.14
N006,us-east,89.7,38.6,1570,237.76,426,396.29
N008,us-west,42.7,57.7,3967.5,194.9,945,321.25
N003,sa-east,65.4,43.9,9894,60.29,613,119.48
N011,eu-central,46.1,60.1,8269.3,182.74,847,303.82
N007,ap-northeast,41.5,36.1,5341.8,263.29,274,363.31
N010,us-west,66.1,9.2,1257,201.98,913,320.58
N007,us-west,45.2,45.7,8267.4,26.17,891,80.62
N003,eu-central,61.6,21.4,1635.8,99.58,328,153.75
N001,eu-central,87.2,9.8,985.1,223.44,843,370.31
N001,ap-south,28.5,63.1,6685.8,278.31,273,390.16
N008,us-west,91.1,78.7,8865.3,265.71,931,503
N012,us-west,89.4,62.9,8376.6,64.89,699,142.45
N002,ap-northeast,85.4,15.5,6327,222.58,222,340.22
N003,eu-central,58.8,33.6,6504,17.86,968,73.51
N007,ap-northeast,47.2,87.2,4801.7,272.42,569,444.34
N008,eu-central,98,43.6,2675.1,121.68,809,239.44
N010,ap-northeast,94.1,63.3,6314.7,36.76,186,71.11
N009,sa-east,61.6,40.6,4592.5,46.24,382,85.84
N005,us-west,95.9,74.9,9519.5,195.95,199,348.78
N008,us-west,76.5,41.9,7069.9,228.13,4,347.45
N001,sa-east,91.4,10.7,8523,100.69,896,195.1
N009,eu-central,27.1,79,7015.7,16.54,631,54.69
N012,ap-northeast,27.3,54.7,8433.9,116.21,110,158.76
N011,us-west,23.8,10.4,8010.6,84.87,63,101.06
N012,ap-northeast,77.4,75.3,2668.9,30.29,146,56.92
N002,ap-northeast,18.6,83.6,742.1,263.66,387,381
N007,us-west,77.9,10.2,5571.1,113.32,73,164.96
N006,sa-east,63.4,76.6,6421.5,156.67,861,289.39
N009,ap-south,18.3,30.4,353.2,188.37,3,224.84
N005,eu-central,57.3,36.1,2060.1,142.33,599,230.18
N010,ap-south,88,47.2,7264,52.37,522,109.75
N001,us-east,78.8,79.2,1981.9,52.31,712,122.33
N003,sa-east,25.8,33.7,4660.8,202.04,955,298.55
N005,ap-northeast,96.1,67.4,9628.6,61.5,650,137.37
N005,ap-south,82.4,77.2,9232,251.56,882,464.04
N003,us-west,46.8,15.3,2091.1,28.66,517,62.68
N012,ap-south,6.9,82.8,7586.4,13.66,69,21.35
N008,us-east,55,57.6,1145.4,298.14,102,442.47
N003,ap-south,47.4,29.9,2377.1,212.6,971,332.73
N007,eu-central,38.1,49.6,2325.9,208.76,889,327.49
N003,ap-south,92.9,70.4,9065.9,39.07,657,99.24
N007,ap-south,74.2,60.4,6537.8,237.57,146,380.84
N012,ap-northeast,46.7,85.5,8347.3,158.05,114,245.7
N002,us-east,45.1,93.2,1710,120.27,560,212.75
N010,us-east,70.3,7.7,750,51.17,920,116.47
N012,us-west,18.2,31.1,8186.4,176.55,468,234.32
N002,sa-east,26.6,42.1,8574.5,165.37,248,222.97
N002,ap-northeast,50.4,55.9,2052.6,96.22,25,139.65
N011,ap-south,7.4,51.3,2443.7,294.88,230,367.72
N007,sa-east,36.3,61.1,6781.1,234.7,314,340.8
N012,us-west,17.3,77,5471.7,155.13,748,245.77
N009,ap-northeast,55.7,83.7,9070.7,127.03,709,233.3
N003,us-east,86.4,91,1379.3,178.49,241,321.79
N001,us-east,79.8,75.8,6512.1,290.12,885,523.43
N005,us-west,16.9,78.3,4271.8,265.94,278,371.72
N007,us-west,71.1,69.9,693.7,213.22,659,371.65
N009,ap-south,26.9,70.1,1442.3,74.71,84,106.42
N006,ap-northeast,85.8,94.3,7983.1,145,216,263.58
N001,us-east,72.4,94.9,9335.1,148.17,244,260.88
N006,ap-northeast,56.3,62.2,3553.5,66.22,531,125.14
N001,sa-east,91.2,50.8,2484.8,191.57,956,359.17
N003,us-west,95.5,13.1,8907.3,77.47,937,164.69
N002,us-west,59.5,93,8322.1,156.28,83,255.37
N003,ap-northeast,12.2,12.1,4728,83.84,230,103.84
N005,ap-south,25.9,9,7906.1,199.43,482,255.34
N011,us-west,93.8,59.9,2253,236.94,310,410.87
N012,ap-south,54.8,32.8,8171,277.89,471,407.96
N009,us-west,95.6,58.4,1261,277.56,589,493.72
N004,sa-east,65.3,58.8,6429,161.41,595,275.5
N009,us-east,26.9,20.4,7988.3,201.71,288,256.96
N002,eu-central,53.7,16.5,6025.3,106.64,950,188.64
N011,sa-east,79.6,88.7,8386.5,66.97,516,139.22
N003,us-east,61.5,31.7,5444.1,134.41,356,207.74
N006,eu-central,64,55.6,8381.3,171.42,934,304.74
N007,ap-south,14.2,73.2,8492.8,29.96,415,60.15
N004,eu-central,74.3,20.5,3343.4,85.81,73,127.2
N012,eu-central,2.2,83.1,7241.4,4.61,519,31.89
N002,sa-east,70.6,11.9,2537.7,67.34,223,104.93
N004,ap-south,38.3,69.5,6548.8,43.81,122,68.45
N006,us-east,50.8,93.8,4939.6,43.12,784,106.75
N012,sa-east,23.3,64.7,9655.3,37.4,124,56.02
N011,sa-east,38.7,77.2,5139.1,165.9,676,274.49
N002,sa-east,87,63.7,518.1,1.09,896,46.6
N005,ap-northeast,16.1,58.4,724.2,273.91,897,394.13
N010,ap-south,6.9,36.2,4932.9,96.76,496,136.57
N012,us-east,59.1,76,7516.3,4.6,637,38.97
N006,ap-northeast,25.9,80.4,2272.2,27.92,403,59.17
N002,us-west,80.1,24.2,1590,90.09,293,148.09
N005,sa-east,31.3,24.7,132.4,206.43,616,286.53
N004,ap-south,55.6,67.6,5892,251.7,613,409.04
N001,sa-east,48.6,17.5,5458.5,159.64,504,232.94
N002,ap-northeast,45,41.3,1677.9,287.21,843,433.52
N001,us-west,96.6,52.9,685,283.4,211,480.81
N003,us-west,79.5,50.3,5363.3,246.24,568,413.81
N002,ap-northeast,58.4,52.1,2147,126.31,106,190.43
N001,ap-northeast,87.3,50.1,5301.5,110.75,216,188.39
N001,us-east,54.9,88.2,1088.3,283.09,545,471.28
N001,ap-south,34.4,80.3,8295.7,129.93,417,207.91
N011,ap-northeast,75.9,37.3,9026.2,122.27,591,213.42
N001,us-east,7.7,12.2,6667.9,113.44,568,150.82
N003,us-west,69.4,66.3,892.1,15.83,445,47.07
N007,us-east,4.9,53.1,5278.5,202.32,159,251.04
N009,ap-northeast,54,87.6,4776.5,23.86,784,76.47
N008,ap-northeast,24.4,26.7,7781.8,258.17,445,334.89
N010,us-west,10.2,37.6,2227,35.23,164,49.64
N008,eu-central,90.3,76.8,3800.4,203.64,909,393.17
N002,us-west,40.8,52.9,2138.7,119.33,766,203.02
N005,ap-northeast,89.9,45.4,727.2,171.68,834,316.53
N002,ap-northeast,17.4,70.4,3348,207.52,226,285.57
N007,eu-central,21.9,75,9974.2,38.29,110,57.56
N007,us-east,82.4,65.7,7027.4,277.79,612,483.68
N003,us-west,25.6,24,589.2,40.11,541,75.5
N008,sa-east,45.3,36.1,4122.9,111.4,727,186.39
N005,us-west,94.5,24.9,5526.1,135.73,679,245.08
N003,us-east,96.4,15.8,6626.6,232.36,181,365.65
N009,ap-northeast,38.8,13.4,2323.1,147.32,186,191.78
N006,us-west,31.4,57.9,4492.9,64.59,787,126.55
N002,us-east,42.5,12.3,5906.9,101.08,918,172.6
N003,eu-central,73.3,60.4,6264.5,45.79,565,100.04
N006,ap-northeast,2.6,86.7,1081.3,272.79,193,364.82
N009,us-east,33.9,45.2,3064.4,242.68,850,362.88
N001,ap-northeast,87.7,20.7,1399.1,66.52,589,129.73
N007,ap-south,16.3,54.9,6598.7,161.79,560,232.58
N001,eu-central,62,38,1209.6,28.52,813,81.62
N009,eu-central,6.3,16.1,6536.7,234.07,970,302.5
N002,sa-east,97.2,49.4,9042.9,97.64,319,177.12
N011,ap-northeast,7.6,31.8,1233.3,14.95,433,38.75
N001,us-east,61,29.2,2327.6,32.1,278,58.91
N002,us-west,82.2,46.3,5620.8,137.72,441,237.63
N008,us-west,73.5,16.5,6188.8,203.47,921,335.49
N005,eu-central,83.2,75.2,7726.5,82.71,29,139.3
N010,ap-south,60.1,79,5850.1,41.96,665,98.87
N009,eu-central,52.3,60.5,3850.8,232.94,362,358.93
N007,us-west,79.2,54.4,1944.1,54.53,182,95.11
N006,ap-northeast,57.7,6.9,5414.7,299.9,715,429.07
N006,us-east,40.2,15.3,5339.8,287.65,806,400.44
N002,us-east,69.4,35,1633.9,289.23,591,452.89
N010,ap-northeast,51.5,81,7906.7,106.8,906,208.44
N001,us-east,90.7,92.1,6900.8,132.89,582,263.05
N004,ap-south,8,49.6,7583.8,147.18,915,223.15
N004,us-east,71.8,94,797.7,224.19,822,416.02
N008,sa-east,84.6,7.6,3456.4,198.9,729,324.52
N005,ap-south,19.2,25.1,4346.9,266.92,959,362.83
N006,sa-east,85.3,23,298.5,156.93,976,284.69
N007,sa-east,42.9,14.8,2310.5,216.37,535,300.21
N007,eu-central,16.1,58,1026.3,170.22,383,235.98
N008,sa-east,51.5,18.3,3929.1,159.81,606,241.01
N002,ap-northeast,42.7,89.1,1135.3,291.84,825,482.07
N008,eu-central,5.7,29.2,3969.7,134.64,817,192.43
N002,eu-central,58.7,25.1,2226.7,96.33,223,143.81
N003,us-east,61.1,20.4,3028.2,49.23,193,77.27
N011,sa-east,6.3,19.4,8450.4,297.89,347,343.89
N006,eu-central,74.4,84.4,7381.2,263.05,818,475.81
N006,sa-east,86.2,34.6,8145,18.17,143,35.25
N007,sa-east,67.5,23.5,5007.2,119.63,38,171.28
N008,sa-east,4.6,60.1,7747.5,129.12,930,204.46
N010,us-east,14.2,14.1,258.9,44.96,304,65.47
N009,us-east,89.8,85.3,9327.2,93.78,212,173.15
N002,sa-east,34.8,8.6,6902.9,39.81,698,82.78
N003,us-west,50.9,66,6798,233.44,283,358.36
N005,sa-east,70.7,20.9,1827.7,139.04,969,246.33
N008,sa-east,64.9,8.6,2620.8,107.16,648,177.41
N012,us-west,83,41.1,6361.8,137.58,507,238.87
N012,us-east,35.4,17.5,9678.9,58.06,270,85.22
N001,sa-east,46.3,26.9,6546,222.98,706,329.89
N001,sa-east,34.6,12.6,4506.1,47.34,818,98.42
N005,eu-central,88.1,48.5,7285,47.11,896,120.28
N002,ap-northeast,47.4,44.1,11.5,48.86,575,96.37
N007,eu-central,20.6,21.8,542.7,238.22,755,317.82
N005,ap-northeast,50.2,44.9,2742.2,107.44,727,186.84
N010,sa-east,17.2,31.7,4795.9,79.22,87,98.75
N008,us-west,31.4,16.8,3067.4,152.84,957,233.24
N005,ap-northeast,56,16.1,6881.1,120.83,935,207.9
N011,us-east,11.5,81.3,5744.6,190.72,248,265.77
N001,sa-east,46.7,52.5,572,179.68,140,260.08
N006,ap-northeast,74.4,21.3,8913.3,161.51,44,235.26
N007,ap-south,40.3,88.3,949,178.72,140,274.34
N001,ap-south,57.3,51.4,3439.4,22.57,705,68.15
N009,ap-northeast,55.5,11.2,2635,85.2,49,114.47
N001,us-east,76.4,78.4,4703.4,209.59,532,371.03
N002,ap-northeast,55.5,7.1,9824.4,143.25,309,201.84
N010,us-west,44.4,32.1,8193.5,232.63,586,338.47
N003,us-east,80.1,34.3,5483.9,97.31,435,169.16
N004,sa-east,33.1,80.2,9874.4,79.42,29,115.25
N005,ap-south,56.9,67.4,3443.1,147.04,234,233.61
N006,ap-northeast,51.2,78.5,4306.2,7.02,212,21.25
N005,sa-east,42.7,75.8,4689.8,279.85,799,450.26
N012,sa-east,78.8,5.5,8453.4,262.29,138,377.34
N003,eu-central,92.6,72.7,7204.4,275.05,687,503.4
N003,sa-east,60.5,57,5612.1,96.1,899,188.38
N012,us-east,77.7,69.5,7505.2,165.41,119,273.94
N007,ap-northeast,51,39.5,4142.4,59.47,204,92.67
N009,us-east,56.3,21.8,329,246.59,383,353.07
N004,us-east,93.3,39.8,2476.3,38.69,449,84.32
N004,us-east,44.2,36.8,1441.8,198.92,404,287.48
N003,eu-central,96.7,8.7,3642.7,247.82,383,393.98
N007,sa-east,72.5,54.7,1098.4,185.53,168,295.01
N006,us-west,63,63,5610,256.51,837,433.03
N009,eu-central,5.8,94.8,3758.9,22.56,81,34.39
N003,eu-central,60.2,20.2,5612.9,4.09,794,45.3
N005,sa-east,96.8,56,499.4,104.07,464,197.07
N012,sa-east,84.2,37.6,1121,13.74,957,69.1
N010,ap-south,79.5,21.6,5877.4,271.4,411,419.37
N007,ap-south,86.9,90.9,3315.4,232.79,901,449.52
N009,us-east,16.7,41.2,7767.8,273.08,910,378.89
N011,sa-east,95.6,86.4,8896.7,87.36,3,154.43
N002,us-west,34.9,94.5,8866.9,131.76,443,218.41
N011,eu-central,72.2,50,3452.3,122.24,162,194.84
N008,eu-central,38.9,31.4,3730,176.57,330,245.89
N011,us-east,67.8,58.5,5535,136.78,79,213.77
N003,eu-central,41.6,71,6777,151.35,480,242.65
N001,sa-east,30.6,10.9,2811.2,108.74,943,176.48
N010,ap-northeast,79.4,18.9,5286.7,296.65,703,468.26
N006,us-west,65.5,15.8,8913,230.71,347,335.77
N011,eu-central,83.6,18.4,143.3,177.62,529,289.21
N008,ap-northeast,86.9,76.5,3338.4,183.6,33,311.84
N007,us-east,62.7,64.1,9396.8,269.84,887,456.44
N003,ap-northeast,34.6,19.7,7326.5,18.53,878,66.85
N010,us-east,10.1,83.8,8563,235.59,512,338.9
N006,sa-east,57.5,9.6,3512.5,90.55,619,150.43
N012,ap-south,64.9,17,6692,293,813,445.33
N011,eu-central,95.3,20,9587,231.41,654,389.8
N007,us-west,3.2,35.3,3844.1,16.61,592,48.43
N008,us-west,90,62.8,2241.4,175.73,70,295.09
N011,ap-northeast,18.8,75.6,18.2,182.92,765,284.46
N003,ap-northeast,86.1,31,4710.6,290.33,482,469.42
N003,sa-east,40.4,88,6891.3,224.77,999,386.06
N005,us-east,10.9,86.1,3446.4,199.38,521,293.52
N004,ap-south,65.3,45.3,8053.3,208.37,128,314.27
N010,ap-northeast,92.6,60.2,4846.9,199.71,842,374.35
N008,sa-east,13,66.3,1020.4,190.65,570,273.68
N011,sa-east,56.6,28,3006,114.16,376,175.92
N003,eu-central,8.5,27.6,5328.3,122.59,631,170.63
N010,ap-south,36.2,12.6,8131.4,134.87,284,179.15
N005,ap-south,2.9,43.3,4765.5,64.01,649,106.63
N001,us-east,70.3,13,2430,127.7,554,205.82
N011,eu-central,41.6,93.3,7274.8,163.51,822,289.47
N003,us-west,76.8,67.2,4165.5,55.36,274,102.72
N009,us-east,65.1,79.4,6786.9,218.15,921,392.94
N012,ap-south,48.4,54.2,319,39.47,116,61.95
N004,us-west,40.3,38.8,6738.3,269.56,120,364.74
N002,eu-central,95.7,67.4,1035.3,99.21,449,191.42
N006,ap-south,58.3,32.1,8187,205.31,556,314.93
N010,eu-central,86.2,64.7,9922.4,3.27,136,12.18
N005,sa-east,27.8,40.8,5479.6,106.26,722,171.58
N003,us-east,76,77.3,5684.9,262.93,299,445.54
N002,ap-northeast,75.4,30.7,1807.2,104.55,565,182.91
N008,sa-east,76.5,15.1,5685.8,166.44,36,240.28
N002,ap-south,60.4,38.3,6909.9,131.45,567,216.28
N005,ap-south,62.4,82.9,6273.2,154.68,13,246.33
N010,ap-northeast,9.3,92.3,5233.3,226.43,474,330.32
N005,sa-east,10.2,71.1,2083.7,184.09,375,255.86
N011,us-west,70.1,63.9,4724.2,219.11,86,346.88
N012,eu-central,65,78.1,9673.6,96.42,476,176.66
N001,us-east,72.7,54.7,9041.4,255,351,411.74
N011,sa-east,36.4,54.7,8047.8,183.42,320,266.25
N002,eu-central,77.1,13.3,9714.1,36.97,556,80.66
N006,ap-south,48.5,91.9,7591,242.02,237,386.7
N004,sa-east,71.2,33,1803.3,132.8,770,233.18
N007,us-east,56.7,22.4,636.6,140.7,985,240.34
N005,us-east,62,46.8,898,28.21,341,58.41
N011,us-east,58.3,66.8,2672.7,7.67,568,40.01
N008,ap-northeast,49.6,26.3,5352,89.06,329,135.4
N009,us-west,76.6,51.7,4051,12.22,57,21.86
N005,ap-northeast,14.5,76.4,2819.1,123.9,634,196.14
N011,eu-central,16.9,66.6,7219.9,118.43,42,156.83
N001,eu-central,6.8,35.2,3778.2,251.08,826,330.38
N006,us-east,29.8,80.1,6561.6,292.3,15,414.65
N011,us-east,48.2,61.8,1591.6,42.86,524,88.22
N010,us-east,88.6,57.8,6659.1,102.45,696,202.37
N009,us-east,62.2,93.9,168.3,86.5,437,162.33
N003,ap-south,57.4,73.1,2845.8,99.1,198,161.59
N008,eu-central,69.6,78.5,7221.1,81.22,753,168.39
N008,us-east,55.9,32.4,7714.4,92.93,239,140.89
N004,ap-northeast,4.6,25.9,6347,228.67,531,280.22
N007,us-east,97.3,45.3,8859.5,175,847,328.91
N009,ap-northeast,33.7,41.6,7163.8,273.36,329,373.78
N004,us-west,55.7,72.9,908.1,162.26,196,256.68
N009,eu-central,70.9,22.2,2846.8,12.61,266,31.31
N005,us-west,45.9,28.6,1188.7,156.9,773,246.52
N011,sa-east,78.8,59.5,6178.3,171.39,478,296.81
N012,eu-central,6.5,47.2,1698.4,186.83,698,257.2
N005,us-east,89.4,29.6,3074.4,72.84,688,146.99
N007,us-west,92.3,46.5,1188.9,58.02,159,101.74
N002,us-east,95.4,25.1,6667.9,261.92,886,453.07
N011,us-east,85,65.7,6882.7,288.5,86,478.59
N011,ap-south,93,49.4,3841.3,194.03,367,334.55
N011,ap-northeast,47.2,30.8,4746,158.24,859,254.78
N005,us-east,46.4,78,1657.7,247.3,359,386.92
N001,us-east,6.1,87.7,5803.7,77.99,924,149.37
N005,ap-south,8.3,28.3,2574.9,266.13,737,339.13
N009,eu-central,54.7,51.2,1942.4,88.72,35,129.88
N007,ap-northeast,75.7,8.8,139.3,280.15,957,442.25
N002,us-east,64.8,31.8,776.3,28.43,53,43.3
N009,us-east,95,65,3516.7,207.69,959,399.29
N001,us-east,36.8,21.1,8522.7,271.97,434,362.84
N001,us-west,50.5,67.8,4079.1,211.78,724,349.32
N012,ap-south,35.1,64.1,2995.8,56.28,434,99.88
N005,eu-central,42.6,43.1,3756.2,31.68,180,51.98
N005,sa-east,68.7,11.6,463.8,16.38,432,44.24
N006,ap-northeast,10.9,8,4340.6,46.32,937,96.93
N005,ap-northeast,56.3,57.6,8799.2,260.08,176,392.03
N007,us-east,82.2,67.1,8680.8,196.17,999,370.62
N010,us-west,22.7,56.7,8114,222.12,502,314.41
N005,us-west,89.5,84.2,6769.3,227.95,19,394.89
N001,eu-central,13.2,17.5,4824.4,284.55,465,343.18
N008,eu-central,77.1,84,7839.8,269.12,975,496.97
N010,us-west,26.4,67.4,2162.4,146.1,989,247.66
N008,us-west,22.1,76.7,6297.4,197.34,106,274.9
N011,us-west,66.3,83.3,4801.1,19.24,388,50.36
N005,us-east,21.8,23.5,5613.1,240.98,376,304.92
N003,us-east,95.1,17,1740.2,44.12,896,112.4
N001,us-east,97.4,84.7,9958.2,123.5,808,258.91
N003,us-west,74.2,10.6,804.5,243.09,652,374.47
N001,ap-northeast,75.6,91.6,2572.2,73.95,522,150.58
N001,ap-northeast,88.5,94.7,504.4,110.57,378,213.3
N001,ap-northeast,40.6,29,6087.1,143.24,177,195.01
N004,sa-east,64.4,57.5,4732.8,235.21,348,373.43
N009,ap-northeast,29.6,71.4,9216.6,196.52,236,284.18
N009,us-east,61.6,80.2,8446.7,288.2,578,482.91
N002,us-west,5.4,58.1,1709.1,228.46,911,324.42
N003,sa-east,53.3,72.9,4488.7,175.51,847,307.28
N004,us-west,88,19.3,8617.8,68.58,617,134.02
N001,ap-south,22.4,13.9,3362.6,271.13,198,323.96
N009,eu-central,96,57.3,608.3,215.73,375,379.23
N002,us-east,22.7,68.1,2924.7,192.75,273,272.03
N003,us-east,4.9,39.9,3620.6,143.77,257,179.26
N004,us-west,49.6,92.2,2026.9,136.23,263,225.03
N011,sa-east,6.5,12.8,2554.1,232.98,994,300.19
N009,us-west,62.8,49.7,6237.9,197.55,657,325.16
N009,ap-south,37,82.6,4045.3,220.14,924,367.68
N012,us-east,56.5,76.3,734.2,138.01,890,256.6
N008,ap-northeast,8.3,52.8,9838.1,249.36,434,325.3
N001,eu-central,27.9,57,7661.7,187.14,282,262.9
N001,us-west,33,62.5,45.9,102.38,901,185.65
N003,ap-northeast,2.8,13.2,5109,259.36,497,299.25
N008,sa-east,58.6,47.1,9298.1,189.45,694,309.4
N006,sa-east,19.2,90.9,9407.4,85.48,60,122.59
N003,sa-east,47.2,13.9,8875.7,50.67,863,108.13
N004,us-west,11.9,58.4,5510.2,132.63,329,182.79
N003,us-west,45.5,45.4,7992,231.47,894,363.86
N003,ap-northeast,14.8,43.3,6816.8,154.79,566,216.89
N008,ap-northeast,57.8,51.5,692.2,269.54,58,396.61
N003,ap-northeast,46.2,15.8,4058.5,53.65,672,102.47
N002,sa-east,32.5,68.9,5861.6,97.11,815,175.94
N003,ap-south,34.7,26.5,3179.8,132.44,449,189.57
N011,ap-south,13.5,22,5763.9,227.03,21,260.05
N006,us-west,29.6,73.5,9223.1,253.85,329,370.06
N003,sa-east,15.1,5,1883.8,214.89,484,258.9
N002,ap-south,30.9,84.6,3145.8,19.08,231,38.96
N004,us-east,58.2,79.1,995.1,116.18,261,193.67
N006,ap-northeast,54.3,74.7,6055.6,21.67,913,78.6
N006,us-east,47.8,87.7,1552.2,28.16,428,64.52
N007,ap-south,13.3,34,1104.2,17.76,357,38.8
N009,ap-south,64.9,39.6,202.7,86,546,152.56
N002,ap-south,69.3,26.9,1029.8,66.88,657,128.9
N010,ap-south,27.8,6.3,4550.8,277.56,715,357.72
N010,us-west,2.1,78.5,3154.7,199.97,773,293.05
N012,ap-northeast,23.6,86.3,5533.1,230.36,576,352.61
N005,us-west,84.8,52.5,3328.4,6.28,784,49.24
N011,ap-south,6.2,6.5,5139.7,156.64,531,191.44
N004,ap-south,19.4,28.9,1289.7,214.27,84,259.9
N009,ap-south,21.4,20.3,8071,159.72,570,216.12
N006,us-west,8.3,31.2,2567.6,58.5,0,67.01
N004,sa-east,4,32.2,2796.3,78.46,801,128.5
N012,ap-south,63.9,16.4,689.3,81.66,206,122.51
N009,us-east,7.1,36.6,1572,80.67,950,140.88
N012,us-west,92.7,11.8,8501.6,166.93,287,265.22
N002,us-west,85,41.4,3541,226.6,447,376.53
N007,eu-central,72.2,19.3,6570.4,223.74,208,329.3
N012,us-east,37.1,10.8,4012.7,259.33,980,365.77
N010,us-west,29.9,71.7,3069.7,59.46,380,101.56
N001,sa-east,30.6,8.7,9961.8,184.09,328,233.99
N009,us-west,55.8,54.5,9680,85.78,422,146.4
N011,ap-south,58.3,48,5883.5,61.64,978,138.37
N006,sa-east,82.9,88.3,5164.2,27.19,364,64.66
N009,eu-central,64.3,37.4,9665.2,248.02,519,384.63
N005,ap-northeast,77.7,68,2084.4,163.02,665,296.55
N003,ap-south,87.3,36.4,3449.2,33.57,953,99.95
N002,eu-central,69.7,60.3,3727.1,101.18,541,183.83
N004,ap-northeast,19,29,2115.8,170.69,926,249.71
N010,ap-northeast,59.9,8.2,7395.1,113.56,405,170.93
N001,ap-northeast,22.1,94.8,2735.4,156.03,374,241.28
N004,ap-northeast,68.5,69.6,9777.6,147.11,632,263.22
N007,sa-east,56.6,26.1,592.3,289.6,673,430.4
N011,sa-east,39.2,65.3,9678.7,6.22,99,13.74
N008,sa-east,38.2,69.1,369.1,82.93,935,164.62
N005,sa-east,34.7,46.2,2850.5,72.54,815,137.05
N012,ap-south,66.3,93.8,2047.4,257.8,898,468.77
N005,ap-south,97.6,40.5,6302.4,16.24,185,35.61
N008,us-west,16.1,42.9,1697.5,52.87,726,100.99
N005,ap-northeast,17.1,40.4,4873.9,193.13,571,264.2
N010,ap-south,11.6,76.3,4035.7,287.3,191,386.58
N011,ap-south,49,20.2,1831.3,140.27,997,233.93
N001,sa-east,85.6,65.6,8378.8,255.51,432,442.34
N002,us-west,17.8,89.4,1805.3,194.28,806,309.77
N006,ap-northeast,29.5,89,8356.5,87.33,72,129.72
N007,eu-central,26.1,13,6094.7,38.18,373,63.47
N010,eu-central,9.3,49.4,4009.1,176.73,752,251.65
N010,sa-east,83.9,31.4,5045.1,238.18,158,370.93
N007,us-west,58.6,21.4,8255.9,248.88,377,358.41
N012,ap-south,18.6,34.2,6980.8,69.47,978,132.75
N001,us-west,8.7,13.3,9158,49.17,997,103.34
N006,sa-east,94,16.4,4055,168.87,589,286.92
N010,ap-south,70.7,86.2,3481.6,241.4,72,399.7
N005,ap-northeast,93.4,17.9,3021.2,297.51,626,485.5
N009,us-west,74.5,91.1,5724.6,2.96,106,10.26
N007,us-west,8.3,64.8,9962.2,295.8,751,409.52
N003,sa-east,40.3,63.4,594,160.42,495,251.4
N009,eu-central,80,64.7,9400,133.9,151,223.89
N011,us-east,87.8,39,6292.3,203.56,537,346.24
N010,eu-central,26.4,44.4,8537,237.28,995,353.47
N005,sa-east,31.2,25.8,8641.1,6.19,124,13.89
N010,us-east,27.9,87.9,9619.6,69,486,123.14
N008,ap-south,39.7,70.7,5457.5,247.41,427,376.18
N011,us-east,97.6,22.1,9064.1,147.57,176,239.26
N004,us-east,33.2,71.8,3907.5,164.57,723,267.43
N005,us-west,32.3,41.4,6220.6,213.04,583,306
N011,ap-northeast,48.8,84.4,7007.2,160.25,592,274.03
N005,sa-east,29.9,20.4,605.3,212.6,762,296.94
N012,us-east,78.1,84.1,3231.1,267.05,66,449.5
N012,ap-south,49.4,79.3,6281.6,201.07,273,317.53
N010,sa-east,64.8,49,8004.5,1.14,158,9.6
N003,ap-northeast,46.6,33.6,6420.7,42.44,881,101.13
N004,ap-northeast,12.8,35.3,6399.3,47.38,915,101.74
N006,us-east,18.9,75.1,3031.2,65.46,142,95.13
N002,us-west,33.4,36.9,7416.9,66.2,429,106.85
N003,ap-northeast,15.6,14.1,6503.8,117.78,585,161.75
N010,us-east,45.7,65.9,4659.2,69.27,150,107.81
N006,us-west,54.5,91.6,7541.7,40.23,296,78.28
N009,eu-central,15.5,92.4,1834.6,93.19,129,135.56
N007,sa-east,12.5,64.8,778.1,141.87,140,188.38
N006,ap-northeast,94.1,55.1,9185,94.59,478,180.37
N012,us-east,44.4,6.5,3653,279.48,521,373.63
N001,us-west,63.1,15.8,1789.8,283.16,789,426.86
N012,us-east,24.8,79.4,8629.5,140.37,912,240.53
N012,us-east,61,29.1,6321.8,39.29,921,101.13
N001,ap-south,23.3,55.7,2183.5,188.91,886,290.29
N003,sa-east,45.5,41.1,8463.7,116.1,953,206.07
N010,eu-central,31.3,46.9,8499.8,32.12,377,61.02
N005,us-east,10.4,58.6,3191.4,261.66,354,344.08
N005,ap-northeast,92.6,35.3,2189.7,146.14,596,260.8
N008,eu-central,31.3,10.4,1232.4,261.79,377,330.69
N010,us-east,36.2,47.9,3124,34.93,703,81.98
N011,us-east,45,64.7,4809,141.3,862,246.67
N009,sa-east,87.6,36,2047.1,36.93,561,85.59
N004,eu-central,51.6,51.7,280.8,245.79,675,385.31
N006,us-east,59.4,54.2,2290.5,43.54,658,97.24
N007,eu-central,23.7,17.7,8863.1,225.27,278,279.16
N009,us-west,66.3,14.2,921,273.14,2,376.71
N012,sa-east,55.3,68,61.3,99.5,902,194.67
N010,us-east,61.8,13.7,7740,184.21,87,253.89
N009,eu-central,91.3,92.6,9979.9,271.56,923,525.5
N011,eu-central,74.9,94.1,6254,93.26,452,180.04
N011,ap-northeast,92.6,88.4,6162.2,207.42,478,388.48
N012,ap-south,95.6,34.6,8407.5,293.09,557,494.84
N007,us-west,7.2,85.4,3950.2,264.12,82,352.91
N001,ap-south,29.6,87.6,8830,190.46,943,321.41
N008,eu-central,85.3,9.3,6758.2,17.8,595,55.69
N001,ap-south,61.8,83.3,6754.1,122.5,836,236.17
N002,us-east,38.1,25,8714.1,87.67,10,112.18
N011,sa-east,61.4,6.2,4014,229.05,880,348.1
N001,eu-central,62.4,66,2707.5,152.21,670,266.69
N001,eu-central,44.4,10.4,4867.7,155.22,249,207.51
N012,sa-east,24.4,39.6,6623.5,118.25,335,165.04
N012,sa-east,11.6,20.9,1302.2,289.08,806,366.29
N008,us-east,93,38.5,2328.4,77.83,423,145.16
N010,ap-northeast,41.4,12,8294.4,264.98,65,333.68
N003,ap-south,51.4,37.7,8120.8,204,316,297.86
N004,ap-northeast,54.7,37.8,3900.1,278.18,895,434.06
N008,ap-northeast,47.8,81.1,5721.7,223.81,822,378.9
N004,ap-south,2.6,34.3,9556.3,249.66,570,309.95
N012,us-east,7.7,92.1,5485.5,282.48,191,389.63
N004,sa-east,86.6,43.1,8015,82.47,362,148.13
N008,ap-northeast,62.1,54.8,9549.4,277.69,559,442.59
N007,sa-east,7.5,57.4,3399.4,33.36,292,55.59
N007,ap-south,70.1,42.2,4628.5,82.64,934,169.93
N010,sa-east,96,85.1,4221.9,130.73,711,266.11
N006,ap-south,63.7,75.6,6464.1,298.16,141,475.31
N008,us-east,41.4,85.7,4474.1,290.33,702,468.47
N010,sa-east,96.8,62,6080.6,177.81,682,334.72
N012,ap-south,94.5,45,7624.3,228.27,554,398.07
N009,sa-east,24.2,88.6,3859.1,40.94,327,74.33
N008,us-east,7.8,15.5,9220.8,250.91,721,309.71
N003,eu-central,20.2,44.6,1643.9,186.1,554,260.26
N006,eu-central,10,68.1,1870,16.51,452,43.68
N011,us-east,84.8,32.8,7618.7,75.01,704,150.22
N011,sa-east,30.6,28.3,2184.2,169.39,270,224.79
N008,sa-east,61.8,92.2,8887.2,231.61,916,420.16
N004,eu-central,32.7,78.1,6653.5,212.48,628,333.94
N002,us-west,36.6,7.1,3014.2,28.54,681,68.49
N006,ap-south,52.5,45.4,2087.3,109.5,106,160.11
N003,eu-central,71.2,29.7,8210.5,106.51,669,188.42
N002,ap-northeast,80.3,91.4,7034.1,220.03,142,382.51
N012,eu-central,83.8,55.6,4221.9,223.67,414,379.54
N012,ap-south,37.4,48.4,8112.2,115.89,891,200.81
N003,eu-central,88.6,37.6,363.4,88.33,211,149.08
N001,us-east,94.1,11.5,1168.8,14.27,61,24.58
N007,sa-east,47.2,87.8,6434.1,112.01,951,218.78
N001,us-east,45.2,71.2,9256.7,238.67,370,367.75
N007,us-west,73.1,89.7,4376.1,239.52,516,424.48
N009,us-east,34.1,45.6,2633.1,260.89,809,385.48
N007,ap-south,46.5,45.9,8617.6,153.96,177,222.16
N009,eu-central,79.3,18.4,7525,6.56,552,37.16
N001,sa-east,47.3,87.9,4093.5,130.92,593,229.89
N008,eu-central,10.6,47.4,5577.3,184.69,462,246.76
N012,sa-east,45.5,34.7,9699.9,89.27,903,165.05
N012,ap-northeast,77.7,28,2745.6,86.37,421,149.04
N010,us-east,29.1,28,3911.5,42.22,51,54.85
N003,eu-central,29.7,86.9,7459.1,123.89,422,199.27
N005,eu-central,92.8,42.6,3327.1,38.27,166,69.76
N004,sa-east,84.6,13.3,2607.2,26.04,31,39.76
N009,us-east,62.8,19.1,2995.4,286.72,622,426.1
N009,ap-south,16,32.6,6485,236.85,302,296.64
N004,sa-east,90.2,77.5,1644.7,230.53,680,428.05
N011,us-west,43.6,30.8,1242.4,280.1,286,384.22